/*
Navicat MySQL Data Transfer

Source Server         : mysql
Source Server Version : 50635
Source Host           : kubernetes:32306
Source Database       : edevCustomer

Target Server Type    : MYSQL
Target Server Version : 50635
File Encoding         : 65001

Date: 2023-06-23 21:16:46
*/

SET FOREIGN_KEY_CHECKS=0;

-- ----------------------------
-- Table structure for t_account
-- ----------------------------
DROP TABLE IF EXISTS `t_account`;
CREATE TABLE `t_account` (
  `id` int(20) NOT NULL,
  `customer_id` int(20) NOT NULL,
  `balance` decimal(20,2) DEFAULT NULL,
  `create_time` datetime DEFAULT NULL,
  `update_time` datetime DEFAULT NULL,
  PRIMARY KEY (`id`)
) ENGINE=InnoDB DEFAULT CHARSET=utf8;

-- ----------------------------
-- Records of t_account
-- ----------------------------
INSERT INTO `t_account` VALUES ('1000101', '10001', '100000.00', '2022-03-31 02:51:49', null);
INSERT INTO `t_account` VALUES ('1000201', '10002', '100000.00', '2022-03-31 02:51:49', null);
INSERT INTO `t_account` VALUES ('1000301', '10003', '100000.00', '2022-03-31 02:51:49', null);
INSERT INTO `t_account` VALUES ('1000401', '10004', '100000.00', '2022-03-31 02:51:49', null);
INSERT INTO `t_account` VALUES ('1000501', '10005', '100000.00', '2022-03-31 02:51:49', null);
INSERT INTO `t_account` VALUES ('1000601', '10006', '100000.00', '2022-03-31 02:51:49', null);
INSERT INTO `t_account` VALUES ('1000701', '10007', '100000.00', '2022-03-31 02:51:49', null);
INSERT INTO `t_account` VALUES ('1000801', '10008', '100000.00', '2022-03-31 02:51:49', null);
INSERT INTO `t_account` VALUES ('1000901', '10009', '76336.00', '2022-03-31 02:51:49', '2023-02-03 22:23:14');
INSERT INTO `t_account` VALUES ('1001201', '10012', '100000.00', '2022-03-31 02:51:49', null);
INSERT INTO `t_account` VALUES ('1001301', '10013', '100000.00', '2022-03-31 02:51:49', null);
INSERT INTO `t_account` VALUES ('1001401', '10014', '100000.00', '2022-03-31 02:51:49', null);
INSERT INTO `t_account` VALUES ('1001501', '10015', '100000.00', '2022-03-31 02:51:49', null);

-- ----------------------------
-- Table structure for t_address
-- ----------------------------
DROP TABLE IF EXISTS `t_address`;
CREATE TABLE `t_address` (
  `id` int(20) NOT NULL,
  `customer_id` int(20) DEFAULT NULL,
  `country_id` int(4) DEFAULT NULL,
  `province_id` int(6) DEFAULT NULL,
  `city_id` int(6) DEFAULT NULL,
  `zone_id` int(6) DEFAULT NULL,
  `address` varchar(255) DEFAULT NULL,
  `phone_number` varchar(20) DEFAULT NULL,
  PRIMARY KEY (`id`)
) ENGINE=InnoDB DEFAULT CHARSET=utf8;

-- ----------------------------
-- Records of t_address
-- ----------------------------
INSERT INTO `t_address` VALUES ('1000100', '10001', '1000', '420000', '420100', '420111', '珞瑜路726号', '13300224466');
INSERT INTO `t_address` VALUES ('1000101', '10001', '1000', '420000', '421000', '421002', '北京西路410号', '13388990123');
INSERT INTO `t_address` VALUES ('1000200', '10002', '1000', '370000', '370100', '370102', '山大路202号', '13422584349');
INSERT INTO `t_address` VALUES ('1000300', '10003', '1000', '110000', '110100', '110105', '朝阳公园西路9号碧湖居', null);
INSERT INTO `t_address` VALUES ('1000400', '10004', '1000', '110000', '110100', '110108', '东钓鱼台家园', null);
INSERT INTO `t_address` VALUES ('1000500', '10005', '1000', '440000', '440100', '440104', '广州圣心大教堂', null);
INSERT INTO `t_address` VALUES ('1000501', '10005', '1000', '440000', '440100', '440104', '爱群大酒店', null);
INSERT INTO `t_address` VALUES ('1000600', '10006', '1000', '440000', '440100', '440105', '华州街道办事处', null);
INSERT INTO `t_address` VALUES ('1000700', '10007', '1000', '440000', '440300', '440304', '广电金融中心', null);
INSERT INTO `t_address` VALUES ('1000800', '10008', '1000', '440000', '440300', '440305', '深圳湾出镜厅', null);
INSERT INTO `t_address` VALUES ('1000900', '10009', '1000', '510000', '510100', '510105', '宽窄巷子', null);
INSERT INTO `t_address` VALUES ('1001100', '10011', '1000', '500000', '500100', '500106', '重庆师范大学', null);
INSERT INTO `t_address` VALUES ('1001101', '10011', '1000', '500000', '500100', '500103', '解放碑商业大厦', null);
INSERT INTO `t_address` VALUES ('1001200', '10012', '1000', '310000', '310100', '310115', '陆家嘴中心绿地', null);
INSERT INTO `t_address` VALUES ('1001201', '10012', '1000', '310000', '310100', '310109', '国际航运服务大厦', null);
INSERT INTO `t_address` VALUES ('1001300', '10013', '1000', '330000', '330100', '330106', '莫干山路207号', null);
INSERT INTO `t_address` VALUES ('1001400', '10014', '1000', '360000', '360100', '360103', '象湖南湿地公园', null);
INSERT INTO `t_address` VALUES ('1001500', '10015', '1000', '650000', '650100', '650103', '宝山路17号', null);

-- ----------------------------
-- Table structure for t_city
-- ----------------------------
DROP TABLE IF EXISTS `t_city`;
CREATE TABLE `t_city` (
  `id` int(6) NOT NULL,
  `name` varchar(255) DEFAULT NULL,
  `province_id` int(6) DEFAULT NULL,
  PRIMARY KEY (`id`)
) ENGINE=InnoDB DEFAULT CHARSET=utf8;

-- ----------------------------
-- Records of t_city
-- ----------------------------
INSERT INTO `t_city` VALUES ('130100', '石家庄市', '130000');
INSERT INTO `t_city` VALUES ('130200', '唐山市', '130000');
INSERT INTO `t_city` VALUES ('130300', '秦皇岛市', '130000');
INSERT INTO `t_city` VALUES ('130400', '邯郸市', '130000');
INSERT INTO `t_city` VALUES ('130500', '邢台市', '130000');
INSERT INTO `t_city` VALUES ('130600', '保定市', '130000');
INSERT INTO `t_city` VALUES ('130700', '张家口市', '130000');
INSERT INTO `t_city` VALUES ('130800', '承德市', '130000');
INSERT INTO `t_city` VALUES ('130900', '沧州市', '130000');
INSERT INTO `t_city` VALUES ('131000', '廊坊市', '130000');
INSERT INTO `t_city` VALUES ('131100', '衡水市', '130000');
INSERT INTO `t_city` VALUES ('140100', '太原市', '140000');
INSERT INTO `t_city` VALUES ('140200', '大同市', '140000');
INSERT INTO `t_city` VALUES ('140300', '阳泉市', '140000');
INSERT INTO `t_city` VALUES ('140400', '长治市', '140000');
INSERT INTO `t_city` VALUES ('140500', '晋城市', '140000');
INSERT INTO `t_city` VALUES ('140600', '朔州市', '140000');
INSERT INTO `t_city` VALUES ('140700', '晋中市', '140000');
INSERT INTO `t_city` VALUES ('140800', '运城市', '140000');
INSERT INTO `t_city` VALUES ('140900', '忻州市', '140000');
INSERT INTO `t_city` VALUES ('141000', '临汾市', '140000');
INSERT INTO `t_city` VALUES ('141100', '吕梁市', '140000');
INSERT INTO `t_city` VALUES ('150100', '呼和浩特市', '150000');
INSERT INTO `t_city` VALUES ('150200', '包头市', '150000');
INSERT INTO `t_city` VALUES ('150300', '乌海市', '150000');
INSERT INTO `t_city` VALUES ('150400', '赤峰市', '150000');
INSERT INTO `t_city` VALUES ('150500', '通辽市', '150000');
INSERT INTO `t_city` VALUES ('150600', '鄂尔多斯市', '150000');
INSERT INTO `t_city` VALUES ('150700', '呼伦贝尔市', '150000');
INSERT INTO `t_city` VALUES ('150800', '巴彦淖尔市', '150000');
INSERT INTO `t_city` VALUES ('150900', '乌兰察布市', '150000');
INSERT INTO `t_city` VALUES ('152200', '兴安盟', '150000');
INSERT INTO `t_city` VALUES ('152500', '锡林郭勒盟', '150000');
INSERT INTO `t_city` VALUES ('152900', '阿拉善盟', '150000');
INSERT INTO `t_city` VALUES ('210100', '沈阳市', '210000');
INSERT INTO `t_city` VALUES ('210200', '大连市', '210000');
INSERT INTO `t_city` VALUES ('210300', '鞍山市', '210000');
INSERT INTO `t_city` VALUES ('210400', '抚顺市', '210000');
INSERT INTO `t_city` VALUES ('210500', '本溪市', '210000');
INSERT INTO `t_city` VALUES ('210600', '丹东市', '210000');
INSERT INTO `t_city` VALUES ('210700', '锦州市', '210000');
INSERT INTO `t_city` VALUES ('210800', '营口市', '210000');
INSERT INTO `t_city` VALUES ('210900', '阜新市', '210000');
INSERT INTO `t_city` VALUES ('211000', '辽阳市', '210000');
INSERT INTO `t_city` VALUES ('211100', '盘锦市', '210000');
INSERT INTO `t_city` VALUES ('211200', '铁岭市', '210000');
INSERT INTO `t_city` VALUES ('211300', '朝阳市', '210000');
INSERT INTO `t_city` VALUES ('211400', '葫芦岛市', '210000');
INSERT INTO `t_city` VALUES ('220100', '长春市', '220000');
INSERT INTO `t_city` VALUES ('220200', '吉林市', '220000');
INSERT INTO `t_city` VALUES ('220300', '四平市', '220000');
INSERT INTO `t_city` VALUES ('220400', '辽源市', '220000');
INSERT INTO `t_city` VALUES ('220500', '通化市', '220000');
INSERT INTO `t_city` VALUES ('220600', '白山市', '220000');
INSERT INTO `t_city` VALUES ('220700', '松原市', '220000');
INSERT INTO `t_city` VALUES ('220800', '白城市', '220000');
INSERT INTO `t_city` VALUES ('222400', '延边朝鲜族自治州', '220000');
INSERT INTO `t_city` VALUES ('230100', '哈尔滨市', '230000');
INSERT INTO `t_city` VALUES ('230200', '齐齐哈尔市', '230000');
INSERT INTO `t_city` VALUES ('230300', '鸡西市', '230000');
INSERT INTO `t_city` VALUES ('230400', '鹤岗市', '230000');
INSERT INTO `t_city` VALUES ('230500', '双鸭山市', '230000');
INSERT INTO `t_city` VALUES ('230600', '大庆市', '230000');
INSERT INTO `t_city` VALUES ('230700', '伊春市', '230000');
INSERT INTO `t_city` VALUES ('230800', '佳木斯市', '230000');
INSERT INTO `t_city` VALUES ('230900', '七台河市', '230000');
INSERT INTO `t_city` VALUES ('231000', '牡丹江市', '230000');
INSERT INTO `t_city` VALUES ('231100', '黑河市', '230000');
INSERT INTO `t_city` VALUES ('231200', '绥化市', '230000');
INSERT INTO `t_city` VALUES ('232700', '大兴安岭地区', '230000');
INSERT INTO `t_city` VALUES ('320100', '南京市', '320000');
INSERT INTO `t_city` VALUES ('320200', '无锡市', '320000');
INSERT INTO `t_city` VALUES ('320300', '徐州市', '320000');
INSERT INTO `t_city` VALUES ('320400', '常州市', '320000');
INSERT INTO `t_city` VALUES ('320500', '苏州市', '320000');
INSERT INTO `t_city` VALUES ('320600', '南通市', '320000');
INSERT INTO `t_city` VALUES ('320700', '连云港市', '320000');
INSERT INTO `t_city` VALUES ('320800', '淮安市', '320000');
INSERT INTO `t_city` VALUES ('320900', '盐城市', '320000');
INSERT INTO `t_city` VALUES ('321000', '扬州市', '320000');
INSERT INTO `t_city` VALUES ('321100', '镇江市', '320000');
INSERT INTO `t_city` VALUES ('321200', '泰州市', '320000');
INSERT INTO `t_city` VALUES ('321300', '宿迁市', '320000');
INSERT INTO `t_city` VALUES ('330100', '杭州市', '330000');
INSERT INTO `t_city` VALUES ('330200', '宁波市', '330000');
INSERT INTO `t_city` VALUES ('330300', '温州市', '330000');
INSERT INTO `t_city` VALUES ('330400', '嘉兴市', '330000');
INSERT INTO `t_city` VALUES ('330500', '湖州市', '330000');
INSERT INTO `t_city` VALUES ('330600', '绍兴市', '330000');
INSERT INTO `t_city` VALUES ('330700', '金华市', '330000');
INSERT INTO `t_city` VALUES ('330800', '衢州市', '330000');
INSERT INTO `t_city` VALUES ('330900', '舟山市', '330000');
INSERT INTO `t_city` VALUES ('331000', '台州市', '330000');
INSERT INTO `t_city` VALUES ('331100', '丽水市', '330000');
INSERT INTO `t_city` VALUES ('340100', '合肥市', '340000');
INSERT INTO `t_city` VALUES ('340200', '芜湖市', '340000');
INSERT INTO `t_city` VALUES ('340300', '蚌埠市', '340000');
INSERT INTO `t_city` VALUES ('340400', '淮南市', '340000');
INSERT INTO `t_city` VALUES ('340500', '马鞍山市', '340000');
INSERT INTO `t_city` VALUES ('340600', '淮北市', '340000');
INSERT INTO `t_city` VALUES ('340700', '铜陵市', '340000');
INSERT INTO `t_city` VALUES ('340800', '安庆市', '340000');
INSERT INTO `t_city` VALUES ('341000', '黄山市', '340000');
INSERT INTO `t_city` VALUES ('341100', '滁州市', '340000');
INSERT INTO `t_city` VALUES ('341200', '阜阳市', '340000');
INSERT INTO `t_city` VALUES ('341300', '宿州市', '340000');
INSERT INTO `t_city` VALUES ('341500', '六安市', '340000');
INSERT INTO `t_city` VALUES ('341600', '亳州市', '340000');
INSERT INTO `t_city` VALUES ('341700', '池州市', '340000');
INSERT INTO `t_city` VALUES ('341800', '宣城市', '340000');
INSERT INTO `t_city` VALUES ('350100', '福州市', '350000');
INSERT INTO `t_city` VALUES ('350200', '厦门市', '350000');
INSERT INTO `t_city` VALUES ('350300', '莆田市', '350000');
INSERT INTO `t_city` VALUES ('350400', '三明市', '350000');
INSERT INTO `t_city` VALUES ('350500', '泉州市', '350000');
INSERT INTO `t_city` VALUES ('350600', '漳州市', '350000');
INSERT INTO `t_city` VALUES ('350700', '南平市', '350000');
INSERT INTO `t_city` VALUES ('350800', '龙岩市', '350000');
INSERT INTO `t_city` VALUES ('350900', '宁德市', '350000');
INSERT INTO `t_city` VALUES ('360100', '南昌市', '360000');
INSERT INTO `t_city` VALUES ('360200', '景德镇市', '360000');
INSERT INTO `t_city` VALUES ('360300', '萍乡市', '360000');
INSERT INTO `t_city` VALUES ('360400', '九江市', '360000');
INSERT INTO `t_city` VALUES ('360500', '新余市', '360000');
INSERT INTO `t_city` VALUES ('360600', '鹰潭市', '360000');
INSERT INTO `t_city` VALUES ('360700', '赣州市', '360000');
INSERT INTO `t_city` VALUES ('360800', '吉安市', '360000');
INSERT INTO `t_city` VALUES ('360900', '宜春市', '360000');
INSERT INTO `t_city` VALUES ('361000', '抚州市', '360000');
INSERT INTO `t_city` VALUES ('361100', '上饶市', '360000');
INSERT INTO `t_city` VALUES ('370100', '济南市', '370000');
INSERT INTO `t_city` VALUES ('370200', '青岛市', '370000');
INSERT INTO `t_city` VALUES ('370300', '淄博市', '370000');
INSERT INTO `t_city` VALUES ('370400', '枣庄市', '370000');
INSERT INTO `t_city` VALUES ('370500', '东营市', '370000');
INSERT INTO `t_city` VALUES ('370600', '烟台市', '370000');
INSERT INTO `t_city` VALUES ('370700', '潍坊市', '370000');
INSERT INTO `t_city` VALUES ('370800', '济宁市', '370000');
INSERT INTO `t_city` VALUES ('370900', '泰安市', '370000');
INSERT INTO `t_city` VALUES ('371000', '威海市', '370000');
INSERT INTO `t_city` VALUES ('371100', '日照市', '370000');
INSERT INTO `t_city` VALUES ('371300', '临沂市', '370000');
INSERT INTO `t_city` VALUES ('371400', '德州市', '370000');
INSERT INTO `t_city` VALUES ('371500', '聊城市', '370000');
INSERT INTO `t_city` VALUES ('371600', '滨州市', '370000');
INSERT INTO `t_city` VALUES ('371700', '菏泽市', '370000');
INSERT INTO `t_city` VALUES ('410100', '郑州市', '410000');
INSERT INTO `t_city` VALUES ('410200', '开封市', '410000');
INSERT INTO `t_city` VALUES ('410300', '洛阳市', '410000');
INSERT INTO `t_city` VALUES ('410400', '平顶山市', '410000');
INSERT INTO `t_city` VALUES ('410500', '安阳市', '410000');
INSERT INTO `t_city` VALUES ('410600', '鹤壁市', '410000');
INSERT INTO `t_city` VALUES ('410700', '新乡市', '410000');
INSERT INTO `t_city` VALUES ('410800', '焦作市', '410000');
INSERT INTO `t_city` VALUES ('410900', '濮阳市', '410000');
INSERT INTO `t_city` VALUES ('411000', '许昌市', '410000');
INSERT INTO `t_city` VALUES ('411100', '漯河市', '410000');
INSERT INTO `t_city` VALUES ('411200', '三门峡市', '410000');
INSERT INTO `t_city` VALUES ('411300', '南阳市', '410000');
INSERT INTO `t_city` VALUES ('411400', '商丘市', '410000');
INSERT INTO `t_city` VALUES ('411500', '信阳市', '410000');
INSERT INTO `t_city` VALUES ('411600', '周口市', '410000');
INSERT INTO `t_city` VALUES ('411700', '驻马店市', '410000');
INSERT INTO `t_city` VALUES ('420100', '武汉市', '420000');
INSERT INTO `t_city` VALUES ('420200', '黄石市', '420000');
INSERT INTO `t_city` VALUES ('420300', '十堰市', '420000');
INSERT INTO `t_city` VALUES ('420500', '宜昌市', '420000');
INSERT INTO `t_city` VALUES ('420600', '襄阳市', '420000');
INSERT INTO `t_city` VALUES ('420700', '鄂州市', '420000');
INSERT INTO `t_city` VALUES ('420800', '荆门市', '420000');
INSERT INTO `t_city` VALUES ('420900', '孝感市', '420000');
INSERT INTO `t_city` VALUES ('421000', '荆州市', '420000');
INSERT INTO `t_city` VALUES ('421100', '黄冈市', '420000');
INSERT INTO `t_city` VALUES ('421200', '咸宁市', '420000');
INSERT INTO `t_city` VALUES ('421300', '随州市', '420000');
INSERT INTO `t_city` VALUES ('422800', '恩施土家族苗族自治州', '420000');
INSERT INTO `t_city` VALUES ('430100', '长沙市', '430000');
INSERT INTO `t_city` VALUES ('430200', '株洲市', '430000');
INSERT INTO `t_city` VALUES ('430300', '湘潭市', '430000');
INSERT INTO `t_city` VALUES ('430400', '衡阳市', '430000');
INSERT INTO `t_city` VALUES ('430500', '邵阳市', '430000');
INSERT INTO `t_city` VALUES ('430600', '岳阳市', '430000');
INSERT INTO `t_city` VALUES ('430700', '常德市', '430000');
INSERT INTO `t_city` VALUES ('430800', '张家界市', '430000');
INSERT INTO `t_city` VALUES ('430900', '益阳市', '430000');
INSERT INTO `t_city` VALUES ('431000', '郴州市', '430000');
INSERT INTO `t_city` VALUES ('431100', '永州市', '430000');
INSERT INTO `t_city` VALUES ('431200', '怀化市', '430000');
INSERT INTO `t_city` VALUES ('431300', '娄底市', '430000');
INSERT INTO `t_city` VALUES ('433100', '湘西土家族苗族自治州', '430000');
INSERT INTO `t_city` VALUES ('440100', '广州市', '440000');
INSERT INTO `t_city` VALUES ('440200', '韶关市', '440000');
INSERT INTO `t_city` VALUES ('440300', '深圳市', '440000');
INSERT INTO `t_city` VALUES ('440400', '珠海市', '440000');
INSERT INTO `t_city` VALUES ('440500', '汕头市', '440000');
INSERT INTO `t_city` VALUES ('440600', '佛山市', '440000');
INSERT INTO `t_city` VALUES ('440700', '江门市', '440000');
INSERT INTO `t_city` VALUES ('440800', '湛江市', '440000');
INSERT INTO `t_city` VALUES ('440900', '茂名市', '440000');
INSERT INTO `t_city` VALUES ('441200', '肇庆市', '440000');
INSERT INTO `t_city` VALUES ('441300', '惠州市', '440000');
INSERT INTO `t_city` VALUES ('441400', '梅州市', '440000');
INSERT INTO `t_city` VALUES ('441500', '汕尾市', '440000');
INSERT INTO `t_city` VALUES ('441600', '河源市', '440000');
INSERT INTO `t_city` VALUES ('441700', '阳江市', '440000');
INSERT INTO `t_city` VALUES ('441800', '清远市', '440000');
INSERT INTO `t_city` VALUES ('441900', '东莞市', '440000');
INSERT INTO `t_city` VALUES ('442000', '中山市', '440000');
INSERT INTO `t_city` VALUES ('445100', '潮州市', '440000');
INSERT INTO `t_city` VALUES ('445200', '揭阳市', '440000');
INSERT INTO `t_city` VALUES ('445300', '云浮市', '440000');
INSERT INTO `t_city` VALUES ('450100', '南宁市', '450000');
INSERT INTO `t_city` VALUES ('450200', '柳州市', '450000');
INSERT INTO `t_city` VALUES ('450300', '桂林市', '450000');
INSERT INTO `t_city` VALUES ('450400', '梧州市', '450000');
INSERT INTO `t_city` VALUES ('450500', '北海市', '450000');
INSERT INTO `t_city` VALUES ('450600', '防城港市', '450000');
INSERT INTO `t_city` VALUES ('450700', '钦州市', '450000');
INSERT INTO `t_city` VALUES ('450800', '贵港市', '450000');
INSERT INTO `t_city` VALUES ('450900', '玉林市', '450000');
INSERT INTO `t_city` VALUES ('451000', '百色市', '450000');
INSERT INTO `t_city` VALUES ('451100', '贺州市', '450000');
INSERT INTO `t_city` VALUES ('451200', '河池市', '450000');
INSERT INTO `t_city` VALUES ('451300', '来宾市', '450000');
INSERT INTO `t_city` VALUES ('451400', '崇左市', '450000');
INSERT INTO `t_city` VALUES ('460100', '海口市', '460000');
INSERT INTO `t_city` VALUES ('460200', '三亚市', '460000');
INSERT INTO `t_city` VALUES ('460300', '三沙市', '460000');
INSERT INTO `t_city` VALUES ('460400', '儋州市', '460000');
INSERT INTO `t_city` VALUES ('510100', '成都市', '510000');
INSERT INTO `t_city` VALUES ('510300', '自贡市', '510000');
INSERT INTO `t_city` VALUES ('510400', '攀枝花市', '510000');
INSERT INTO `t_city` VALUES ('510500', '泸州市', '510000');
INSERT INTO `t_city` VALUES ('510600', '德阳市', '510000');
INSERT INTO `t_city` VALUES ('510700', '绵阳市', '510000');
INSERT INTO `t_city` VALUES ('510800', '广元市', '510000');
INSERT INTO `t_city` VALUES ('510900', '遂宁市', '510000');
INSERT INTO `t_city` VALUES ('511000', '内江市', '510000');
INSERT INTO `t_city` VALUES ('511100', '乐山市', '510000');
INSERT INTO `t_city` VALUES ('511300', '南充市', '510000');
INSERT INTO `t_city` VALUES ('511400', '眉山市', '510000');
INSERT INTO `t_city` VALUES ('511500', '宜宾市', '510000');
INSERT INTO `t_city` VALUES ('511600', '广安市', '510000');
INSERT INTO `t_city` VALUES ('511700', '达州市', '510000');
INSERT INTO `t_city` VALUES ('511800', '雅安市', '510000');
INSERT INTO `t_city` VALUES ('511900', '巴中市', '510000');
INSERT INTO `t_city` VALUES ('512000', '资阳市', '510000');
INSERT INTO `t_city` VALUES ('513200', '阿坝藏族羌族自治州', '510000');
INSERT INTO `t_city` VALUES ('513300', '甘孜藏族自治州', '510000');
INSERT INTO `t_city` VALUES ('513400', '凉山彝族自治州', '510000');
INSERT INTO `t_city` VALUES ('520100', '贵阳市', '520000');
INSERT INTO `t_city` VALUES ('520200', '六盘水市', '520000');
INSERT INTO `t_city` VALUES ('520300', '遵义市', '520000');
INSERT INTO `t_city` VALUES ('520400', '安顺市', '520000');
INSERT INTO `t_city` VALUES ('520500', '毕节市', '520000');
INSERT INTO `t_city` VALUES ('520600', '铜仁市', '520000');
INSERT INTO `t_city` VALUES ('522300', '黔西南布依族苗族自治州', '520000');
INSERT INTO `t_city` VALUES ('522600', '黔东南苗族侗族自治州', '520000');
INSERT INTO `t_city` VALUES ('522700', '黔南布依族苗族自治州', '520000');
INSERT INTO `t_city` VALUES ('530100', '昆明市', '530000');
INSERT INTO `t_city` VALUES ('530300', '曲靖市', '530000');
INSERT INTO `t_city` VALUES ('530400', '玉溪市', '530000');
INSERT INTO `t_city` VALUES ('530500', '保山市', '530000');
INSERT INTO `t_city` VALUES ('530600', '昭通市', '530000');
INSERT INTO `t_city` VALUES ('530700', '丽江市', '530000');
INSERT INTO `t_city` VALUES ('530800', '普洱市', '530000');
INSERT INTO `t_city` VALUES ('530900', '临沧市', '530000');
INSERT INTO `t_city` VALUES ('532300', '楚雄彝族自治州', '530000');
INSERT INTO `t_city` VALUES ('532500', '红河哈尼族彝族自治州', '530000');
INSERT INTO `t_city` VALUES ('532600', '文山壮族苗族自治州', '530000');
INSERT INTO `t_city` VALUES ('532800', '西双版纳傣族自治州', '530000');
INSERT INTO `t_city` VALUES ('532900', '大理白族自治州', '530000');
INSERT INTO `t_city` VALUES ('533100', '德宏傣族景颇族自治州', '530000');
INSERT INTO `t_city` VALUES ('533300', '怒江傈僳族自治州', '530000');
INSERT INTO `t_city` VALUES ('533400', '迪庆藏族自治州', '530000');
INSERT INTO `t_city` VALUES ('540100', '拉萨市', '540000');
INSERT INTO `t_city` VALUES ('540200', '日喀则市', '540000');
INSERT INTO `t_city` VALUES ('540300', '昌都市', '540000');
INSERT INTO `t_city` VALUES ('540400', '林芝市', '540000');
INSERT INTO `t_city` VALUES ('540500', '山南市', '540000');
INSERT INTO `t_city` VALUES ('540600', '那曲市', '540000');
INSERT INTO `t_city` VALUES ('542500', '阿里地区', '540000');
INSERT INTO `t_city` VALUES ('610100', '西安市', '610000');
INSERT INTO `t_city` VALUES ('610200', '铜川市', '610000');
INSERT INTO `t_city` VALUES ('610300', '宝鸡市', '610000');
INSERT INTO `t_city` VALUES ('610400', '咸阳市', '610000');
INSERT INTO `t_city` VALUES ('610500', '渭南市', '610000');
INSERT INTO `t_city` VALUES ('610600', '延安市', '610000');
INSERT INTO `t_city` VALUES ('610700', '汉中市', '610000');
INSERT INTO `t_city` VALUES ('610800', '榆林市', '610000');
INSERT INTO `t_city` VALUES ('610900', '安康市', '610000');
INSERT INTO `t_city` VALUES ('611000', '商洛市', '610000');
INSERT INTO `t_city` VALUES ('620100', '兰州市', '620000');
INSERT INTO `t_city` VALUES ('620200', '嘉峪关市', '620000');
INSERT INTO `t_city` VALUES ('620300', '金昌市', '620000');
INSERT INTO `t_city` VALUES ('620400', '白银市', '620000');
INSERT INTO `t_city` VALUES ('620500', '天水市', '620000');
INSERT INTO `t_city` VALUES ('620600', '武威市', '620000');
INSERT INTO `t_city` VALUES ('620700', '张掖市', '620000');
INSERT INTO `t_city` VALUES ('620800', '平凉市', '620000');
INSERT INTO `t_city` VALUES ('620900', '酒泉市', '620000');
INSERT INTO `t_city` VALUES ('621000', '庆阳市', '620000');
INSERT INTO `t_city` VALUES ('621100', '定西市', '620000');
INSERT INTO `t_city` VALUES ('621200', '陇南市', '620000');
INSERT INTO `t_city` VALUES ('622900', '临夏回族自治州', '620000');
INSERT INTO `t_city` VALUES ('623000', '甘南藏族自治州', '620000');
INSERT INTO `t_city` VALUES ('630100', '西宁市', '630000');
INSERT INTO `t_city` VALUES ('630200', '海东市', '630000');
INSERT INTO `t_city` VALUES ('632200', '海北藏族自治州', '630000');
INSERT INTO `t_city` VALUES ('632300', '黄南藏族自治州', '630000');
INSERT INTO `t_city` VALUES ('632500', '海南藏族自治州', '630000');
INSERT INTO `t_city` VALUES ('632600', '果洛藏族自治州', '630000');
INSERT INTO `t_city` VALUES ('632700', '玉树藏族自治州', '630000');
INSERT INTO `t_city` VALUES ('632800', '海西蒙古族藏族自治州', '630000');
INSERT INTO `t_city` VALUES ('640100', '银川市', '640000');
INSERT INTO `t_city` VALUES ('640200', '石嘴山市', '640000');
INSERT INTO `t_city` VALUES ('640300', '吴忠市', '640000');
INSERT INTO `t_city` VALUES ('640400', '固原市', '640000');
INSERT INTO `t_city` VALUES ('640500', '中卫市', '640000');
INSERT INTO `t_city` VALUES ('650100', '乌鲁木齐市', '650000');
INSERT INTO `t_city` VALUES ('650200', '克拉玛依市', '650000');
INSERT INTO `t_city` VALUES ('650400', '吐鲁番市', '650000');
INSERT INTO `t_city` VALUES ('650500', '哈密市', '650000');
INSERT INTO `t_city` VALUES ('652300', '昌吉回族自治州', '650000');
INSERT INTO `t_city` VALUES ('652700', '博尔塔拉蒙古自治州', '650000');
INSERT INTO `t_city` VALUES ('652800', '巴音郭楞蒙古自治州', '650000');
INSERT INTO `t_city` VALUES ('652900', '阿克苏地区', '650000');
INSERT INTO `t_city` VALUES ('653000', '克孜勒苏柯尔克孜自治州', '650000');
INSERT INTO `t_city` VALUES ('653100', '喀什地区', '650000');
INSERT INTO `t_city` VALUES ('653200', '和田地区', '650000');
INSERT INTO `t_city` VALUES ('654000', '伊犁哈萨克自治州', '650000');
INSERT INTO `t_city` VALUES ('654200', '塔城地区', '650000');
INSERT INTO `t_city` VALUES ('654300', '阿勒泰地区', '650000');

-- ----------------------------
-- Table structure for t_country
-- ----------------------------
DROP TABLE IF EXISTS `t_country`;
CREATE TABLE `t_country` (
  `id` int(4) NOT NULL DEFAULT '0',
  `name` varchar(2) NOT NULL DEFAULT '',
  PRIMARY KEY (`id`)
) ENGINE=InnoDB DEFAULT CHARSET=utf8;

-- ----------------------------
-- Records of t_country
-- ----------------------------
INSERT INTO `t_country` VALUES ('1000', '中国');

-- ----------------------------
-- Table structure for t_customer
-- ----------------------------
DROP TABLE IF EXISTS `t_customer`;
CREATE TABLE `t_customer` (
  `id` int(20) NOT NULL,
  `name` varchar(100) DEFAULT NULL,
  `gender` varchar(10) DEFAULT NULL,
  `birthdate` date DEFAULT NULL,
  `identification` varchar(20) DEFAULT NULL,
  `phone_number` varchar(30) DEFAULT NULL,
  PRIMARY KEY (`id`)
) ENGINE=InnoDB DEFAULT CHARSET=utf8;

-- ----------------------------
-- Records of t_customer
-- ----------------------------
INSERT INTO `t_customer` VALUES ('10001', '李秋水', '女', '1979-10-01', '510110197910012312', '13388990123');
INSERT INTO `t_customer` VALUES ('10002', '逍遥子', '男', '1976-07-10', '510110197607103322', '13422584349');
INSERT INTO `t_customer` VALUES ('10003', '巫行云', '女', '1985-12-05', '110100198512057777', '19216212345');
INSERT INTO `t_customer` VALUES ('10004', '常青子', '男', '1975-10-20', '110100197510207812', '13613671267');
INSERT INTO `t_customer` VALUES ('10005', '关二锅', '男', '1987-11-15', '110110198711150001', '13613613666');
INSERT INTO `t_customer` VALUES ('10006', '诸葛村夫', '男', '1982-05-29', '110110198205290002', '18613629999');
INSERT INTO `t_customer` VALUES ('10007', '西门吹雪', '女', '2002-07-11', '510210200207113882', '18934345656');
INSERT INTO `t_customer` VALUES ('10008', '公孙无忌', '男', '2002-03-02', '510212200203027812', '13457772777');
INSERT INTO `t_customer` VALUES ('10009', '张一德', '男', '2000-04-21', '510212200004213344', '13656781234');
INSERT INTO `t_customer` VALUES ('10012', '赵子龙', '男', '1995-05-12', '110102199505123382', '13663100001');
INSERT INTO `t_customer` VALUES ('10013', '无涯子', '男', '1992-10-13', '110102199210132828', '13279127912');
INSERT INTO `t_customer` VALUES ('10014', '次仁顿珠', '男', '1992-08-18', '410110199208182323', '19100225757');
INSERT INTO `t_customer` VALUES ('10015', '娜扎买买提', '女', '1962-11-09', '410110196211093349', '13478692312');

-- ----------------------------
-- Table structure for t_journal_account
-- ----------------------------
DROP TABLE IF EXISTS `t_journal_account`;
CREATE TABLE `t_journal_account` (
  `id` int(20) NOT NULL AUTO_INCREMENT,
  `account_id` int(20) DEFAULT NULL,
  `amount` decimal(20,2) DEFAULT NULL,
  `operation` varchar(50) DEFAULT NULL,
  `operate_time` datetime DEFAULT NULL,
  PRIMARY KEY (`id`)
) ENGINE=InnoDB AUTO_INCREMENT=229 DEFAULT CHARSET=utf8;

-- ----------------------------
-- Records of t_journal_account
-- ----------------------------
INSERT INTO `t_journal_account` VALUES ('1', '1', '1000.00', 'topUp', '2022-12-02 01:07:51');
INSERT INTO `t_journal_account` VALUES ('2', '1', '1000.00', 'payoff', '2022-12-02 01:07:51');
INSERT INTO `t_journal_account` VALUES ('4', '1000901', '5916.00', 'payoff', '2022-12-02 17:19:06');
INSERT INTO `t_journal_account` VALUES ('5', '1000901', '5916.00', 'payoff', '2022-12-02 18:46:50');
INSERT INTO `t_journal_account` VALUES ('6', '1000901', '5916.00', 'refund', '2022-12-02 20:09:11');
INSERT INTO `t_journal_account` VALUES ('9', '1000901', '5916.00', 'refund', '2022-12-02 20:23:31');
INSERT INTO `t_journal_account` VALUES ('10', '1000901', '5916.00', 'payoff', '2022-12-02 20:29:12');
INSERT INTO `t_journal_account` VALUES ('11', '1000901', '5916.00', 'refund', '2022-12-02 20:33:09');
INSERT INTO `t_journal_account` VALUES ('17', '1', '1000.00', 'topUp', '2022-12-03 13:30:45');
INSERT INTO `t_journal_account` VALUES ('18', '1', '1000.00', 'payoff', '2022-12-03 13:30:46');
INSERT INTO `t_journal_account` VALUES ('19', '1', '1000.00', 'topUp', '2022-12-03 13:31:38');
INSERT INTO `t_journal_account` VALUES ('20', '1', '1000.00', 'payoff', '2022-12-03 13:31:39');
INSERT INTO `t_journal_account` VALUES ('22', '1', '1000.00', 'topUp', '2022-12-03 13:37:12');
INSERT INTO `t_journal_account` VALUES ('23', '1', '1000.00', 'payoff', '2022-12-03 13:37:13');
INSERT INTO `t_journal_account` VALUES ('25', '1', '1000.00', 'topUp', '2022-12-03 13:39:25');
INSERT INTO `t_journal_account` VALUES ('26', '1', '1000.00', 'payoff', '2022-12-03 13:39:26');
INSERT INTO `t_journal_account` VALUES ('34', '1', '1000.00', 'topUp', '2022-12-03 20:49:35');
INSERT INTO `t_journal_account` VALUES ('35', '1', '1000.00', 'payoff', '2022-12-03 20:49:36');
INSERT INTO `t_journal_account` VALUES ('37', '1', '1000.00', 'topUp', '2022-12-03 21:10:41');
INSERT INTO `t_journal_account` VALUES ('38', '1', '1000.00', 'payoff', '2022-12-03 21:10:41');
INSERT INTO `t_journal_account` VALUES ('40', '1', '1000.00', 'topUp', '2022-12-07 22:07:09');
INSERT INTO `t_journal_account` VALUES ('41', '1', '1000.00', 'payoff', '2022-12-07 22:07:10');
INSERT INTO `t_journal_account` VALUES ('43', '1000901', '5916.00', 'payoff', '2022-12-07 23:47:49');
INSERT INTO `t_journal_account` VALUES ('44', '1000901', '5916.00', 'payoff', '2022-12-07 23:58:55');
INSERT INTO `t_journal_account` VALUES ('45', '1000901', '5916.00', 'refund', '2022-12-07 23:58:56');
INSERT INTO `t_journal_account` VALUES ('46', '1000901', '5916.00', 'payoff', '2022-12-08 00:10:36');
INSERT INTO `t_journal_account` VALUES ('47', '1000901', '5916.00', 'payoff', '2022-12-08 00:17:50');
INSERT INTO `t_journal_account` VALUES ('48', '1000901', '5916.00', 'payoff', '2022-12-08 00:25:31');
INSERT INTO `t_journal_account` VALUES ('49', '1000901', '5916.00', 'refund', '2022-12-08 00:26:32');
INSERT INTO `t_journal_account` VALUES ('50', '1000901', '5916.00', 'payoff', '2022-12-08 00:27:10');
INSERT INTO `t_journal_account` VALUES ('51', '1000901', '5916.00', 'refund', '2022-12-08 00:28:24');
INSERT INTO `t_journal_account` VALUES ('52', '1000901', '5916.00', 'payoff', '2022-12-08 00:50:25');
INSERT INTO `t_journal_account` VALUES ('53', '1000901', '5916.00', 'refund', '2022-12-08 00:50:58');
INSERT INTO `t_journal_account` VALUES ('54', '1', '1000.00', 'topUp', '2022-12-08 11:38:39');
INSERT INTO `t_journal_account` VALUES ('55', '1', '1000.00', 'payoff', '2022-12-08 11:38:39');
INSERT INTO `t_journal_account` VALUES ('57', '1', '1000.00', 'topUp', '2022-12-08 11:41:43');
INSERT INTO `t_journal_account` VALUES ('58', '1', '1000.00', 'payoff', '2022-12-08 11:41:43');
INSERT INTO `t_journal_account` VALUES ('60', '1', '1000.00', 'topUp', '2022-12-08 14:46:48');
INSERT INTO `t_journal_account` VALUES ('61', '1', '1000.00', 'payoff', '2022-12-08 14:46:48');
INSERT INTO `t_journal_account` VALUES ('63', '1', '1000.00', 'topUp', '2022-12-08 15:24:20');
INSERT INTO `t_journal_account` VALUES ('64', '1', '1000.00', 'payoff', '2022-12-08 15:24:21');
INSERT INTO `t_journal_account` VALUES ('65', '1', '1000.00', 'topUp', '2022-12-08 15:25:54');
INSERT INTO `t_journal_account` VALUES ('66', '1', '1000.00', 'payoff', '2022-12-08 15:25:55');
INSERT INTO `t_journal_account` VALUES ('68', '1', '1000.00', 'topUp', '2022-12-08 15:35:37');
INSERT INTO `t_journal_account` VALUES ('69', '1', '1000.00', 'payoff', '2022-12-08 15:35:38');
INSERT INTO `t_journal_account` VALUES ('70', '1000901', '5916.00', 'payoff', '2022-12-08 15:45:46');
INSERT INTO `t_journal_account` VALUES ('71', '1000901', '5916.00', 'refund', '2022-12-08 15:46:47');
INSERT INTO `t_journal_account` VALUES ('72', '1', '1000.00', 'topUp', '2022-12-08 17:14:58');
INSERT INTO `t_journal_account` VALUES ('73', '1', '1000.00', 'payoff', '2022-12-08 17:14:59');
INSERT INTO `t_journal_account` VALUES ('75', '1', '1000.00', 'topUp', '2022-12-08 17:19:08');
INSERT INTO `t_journal_account` VALUES ('76', '1', '1000.00', 'payoff', '2022-12-08 17:19:08');
INSERT INTO `t_journal_account` VALUES ('78', '1', '1000.00', 'topUp', '2022-12-08 17:23:53');
INSERT INTO `t_journal_account` VALUES ('79', '1', '1000.00', 'payoff', '2022-12-08 17:23:53');
INSERT INTO `t_journal_account` VALUES ('81', '1', '1000.00', 'topUp', '2022-12-08 17:29:19');
INSERT INTO `t_journal_account` VALUES ('82', '1', '1000.00', 'payoff', '2022-12-08 17:29:20');
INSERT INTO `t_journal_account` VALUES ('84', '1000901', '5916.00', 'payoff', '2022-12-09 14:41:28');
INSERT INTO `t_journal_account` VALUES ('85', '1000901', '5916.00', 'payoff', '2022-12-09 14:44:32');
INSERT INTO `t_journal_account` VALUES ('86', '1000901', '5916.00', 'refund', '2022-12-09 14:46:08');
INSERT INTO `t_journal_account` VALUES ('88', '1', '1000.00', 'topUp', '2022-12-09 18:41:02');
INSERT INTO `t_journal_account` VALUES ('89', '1', '1000.00', 'payoff', '2022-12-09 18:41:02');
INSERT INTO `t_journal_account` VALUES ('90', '1000901', '5916.00', 'payoff', '2022-12-09 19:28:54');
INSERT INTO `t_journal_account` VALUES ('91', '1000901', '5916.00', 'refund', '2022-12-09 19:33:58');
INSERT INTO `t_journal_account` VALUES ('93', '1000901', '5916.00', 'payoff', '2022-12-10 03:07:17');
INSERT INTO `t_journal_account` VALUES ('94', '1000901', '5916.00', 'refund', '2022-12-10 03:07:17');
INSERT INTO `t_journal_account` VALUES ('95', '1', '1000.00', 'topUp', '2022-12-10 03:07:18');
INSERT INTO `t_journal_account` VALUES ('96', '1', '1000.00', 'payoff', '2022-12-10 03:07:18');
INSERT INTO `t_journal_account` VALUES ('97', '1000901', '5916.00', 'payoff', '2022-12-10 15:37:31');
INSERT INTO `t_journal_account` VALUES ('98', '1000901', '5916.00', 'refund', '2022-12-10 15:39:16');
INSERT INTO `t_journal_account` VALUES ('100', '1', '1000.00', 'topUp', '2022-12-10 16:09:54');
INSERT INTO `t_journal_account` VALUES ('101', '1', '1000.00', 'payoff', '2022-12-10 16:09:54');
INSERT INTO `t_journal_account` VALUES ('103', '1', '1000.00', 'topUp', '2022-12-10 16:45:54');
INSERT INTO `t_journal_account` VALUES ('104', '1', '1000.00', 'payoff', '2022-12-10 16:45:54');
INSERT INTO `t_journal_account` VALUES ('105', '1000901', '5916.00', 'payoff', '2022-12-10 17:10:04');
INSERT INTO `t_journal_account` VALUES ('106', '1000901', '5916.00', 'payoff', '2022-12-10 17:25:20');
INSERT INTO `t_journal_account` VALUES ('107', '1000901', '5916.00', 'payoff', '2022-12-10 17:29:08');
INSERT INTO `t_journal_account` VALUES ('108', '1000901', '5916.00', 'refund', '2022-12-10 17:30:30');
INSERT INTO `t_journal_account` VALUES ('109', '1000901', '5916.00', 'payoff', '2022-12-21 19:03:58');
INSERT INTO `t_journal_account` VALUES ('110', '1000901', '5916.00', 'refund', '2022-12-21 19:05:48');
INSERT INTO `t_journal_account` VALUES ('111', '1', '1000.00', 'topUp', '2023-02-02 17:23:17');
INSERT INTO `t_journal_account` VALUES ('112', '1', '1000.00', 'payoff', '2023-02-02 17:23:17');
INSERT INTO `t_journal_account` VALUES ('114', '1', '1000.00', 'topUp', '2023-02-03 17:30:33');
INSERT INTO `t_journal_account` VALUES ('115', '1', '1000.00', 'payoff', '2023-02-03 17:30:33');
INSERT INTO `t_journal_account` VALUES ('117', '1', '1000.00', 'topUp', '2023-02-03 17:33:36');
INSERT INTO `t_journal_account` VALUES ('118', '1', '1000.00', 'payoff', '2023-02-03 17:33:36');
INSERT INTO `t_journal_account` VALUES ('120', '1', '1000.00', 'topUp', '2023-02-03 17:44:52');
INSERT INTO `t_journal_account` VALUES ('121', '1', '1000.00', 'payoff', '2023-02-03 17:44:53');
INSERT INTO `t_journal_account` VALUES ('123', '1000901', '5916.00', 'refund', '2023-02-03 22:23:13');
INSERT INTO `t_journal_account` VALUES ('124', '1000901', '5916.00', 'payoff', '2023-02-03 22:23:13');
INSERT INTO `t_journal_account` VALUES ('125', '1000901', '5916.00', 'refund', '2023-02-03 22:23:14');
INSERT INTO `t_journal_account` VALUES ('126', '1000901', '5916.00', 'payoff', '2023-02-03 22:23:14');
INSERT INTO `t_journal_account` VALUES ('127', '1', '1000.00', 'topUp', '2023-02-03 22:23:14');
INSERT INTO `t_journal_account` VALUES ('128', '1', '1000.00', 'payoff', '2023-02-03 22:23:14');
INSERT INTO `t_journal_account` VALUES ('130', '1', '1000.00', 'topUp', '2023-02-03 22:46:59');
INSERT INTO `t_journal_account` VALUES ('131', '1', '1000.00', 'payoff', '2023-02-03 22:47:00');
INSERT INTO `t_journal_account` VALUES ('133', '1', '1000.00', 'topUp', '2023-02-03 23:20:17');
INSERT INTO `t_journal_account` VALUES ('134', '1', '1000.00', 'payoff', '2023-02-03 23:20:17');
INSERT INTO `t_journal_account` VALUES ('136', '1', '1000.00', 'topUp', '2023-02-03 23:23:32');
INSERT INTO `t_journal_account` VALUES ('137', '1', '1000.00', 'payoff', '2023-02-03 23:23:32');
INSERT INTO `t_journal_account` VALUES ('139', '1', '1000.00', 'topUp', '2023-02-21 14:34:03');
INSERT INTO `t_journal_account` VALUES ('140', '1', '1000.00', 'payoff', '2023-02-21 14:34:03');
INSERT INTO `t_journal_account` VALUES ('142', '1', '1000.00', 'topUp', '2023-02-21 15:03:47');
INSERT INTO `t_journal_account` VALUES ('143', '1', '1000.00', 'payoff', '2023-02-21 15:03:47');
INSERT INTO `t_journal_account` VALUES ('145', '1', '1000.00', 'topUp', '2023-02-21 15:44:36');
INSERT INTO `t_journal_account` VALUES ('146', '1', '1000.00', 'payoff', '2023-02-21 15:44:36');
INSERT INTO `t_journal_account` VALUES ('148', '1', '1000.00', 'topUp', '2023-05-21 21:23:00');
INSERT INTO `t_journal_account` VALUES ('149', '1', '1000.00', 'payoff', '2023-05-21 21:23:00');
INSERT INTO `t_journal_account` VALUES ('150', '1', '1000.00', 'topUp', '2023-05-22 05:37:59');
INSERT INTO `t_journal_account` VALUES ('151', '1', '1000.00', 'payoff', '2023-05-22 05:37:59');
INSERT INTO `t_journal_account` VALUES ('153', '1', '1000.00', 'topUp', '2023-05-22 07:38:57');
INSERT INTO `t_journal_account` VALUES ('154', '1', '1000.00', 'payoff', '2023-05-22 07:38:57');
INSERT INTO `t_journal_account` VALUES ('156', '1', '1000.00', 'topUp', '2023-05-22 10:08:58');
INSERT INTO `t_journal_account` VALUES ('157', '1', '1000.00', 'payoff', '2023-05-22 10:08:58');
INSERT INTO `t_journal_account` VALUES ('160', '1', '1000.00', 'topUp', '2023-05-22 10:35:19');
INSERT INTO `t_journal_account` VALUES ('161', '1', '1000.00', 'payoff', '2023-05-22 10:35:19');
INSERT INTO `t_journal_account` VALUES ('162', '1', '1000.00', 'topUp', '2023-05-22 11:22:19');
INSERT INTO `t_journal_account` VALUES ('163', '1', '1000.00', 'payoff', '2023-05-22 11:22:20');
INSERT INTO `t_journal_account` VALUES ('166', '1', '1000.00', 'topUp', '2023-05-22 11:29:17');
INSERT INTO `t_journal_account` VALUES ('167', '1', '1000.00', 'payoff', '2023-05-22 11:29:17');
INSERT INTO `t_journal_account` VALUES ('169', '1', '1000.00', 'topUp', '2023-05-22 12:50:18');
INSERT INTO `t_journal_account` VALUES ('170', '1', '1000.00', 'payoff', '2023-05-22 12:50:18');
INSERT INTO `t_journal_account` VALUES ('172', '1', '1000.00', 'topUp', '2023-06-17 19:25:18');
INSERT INTO `t_journal_account` VALUES ('173', '1', '1000.00', 'payoff', '2023-06-17 19:25:19');
INSERT INTO `t_journal_account` VALUES ('175', '1', '1000.00', 'topUp', '2023-06-17 20:31:43');
INSERT INTO `t_journal_account` VALUES ('176', '1', '1000.00', 'payoff', '2023-06-17 20:31:43');
INSERT INTO `t_journal_account` VALUES ('178', '1', '1000.00', 'topUp', '2023-06-20 08:38:46');
INSERT INTO `t_journal_account` VALUES ('179', '1', '1000.00', 'payoff', '2023-06-20 08:38:47');
INSERT INTO `t_journal_account` VALUES ('181', '1', '1000.00', 'topUp', '2023-06-22 12:03:27');
INSERT INTO `t_journal_account` VALUES ('182', '1', '1000.00', 'payoff', '2023-06-22 12:03:28');
INSERT INTO `t_journal_account` VALUES ('184', '1', '1000.00', 'topUp', '2023-06-22 12:05:07');
INSERT INTO `t_journal_account` VALUES ('185', '1', '1000.00', 'payoff', '2023-06-22 12:05:07');
INSERT INTO `t_journal_account` VALUES ('187', '1', '1000.00', 'topUp', '2023-06-22 12:55:53');
INSERT INTO `t_journal_account` VALUES ('188', '1', '1000.00', 'payoff', '2023-06-22 12:55:53');
INSERT INTO `t_journal_account` VALUES ('190', '1', '1000.00', 'topUp', '2023-06-22 13:03:37');
INSERT INTO `t_journal_account` VALUES ('191', '1', '1000.00', 'payoff', '2023-06-22 13:03:38');
INSERT INTO `t_journal_account` VALUES ('193', '1', '1000.00', 'topUp', '2023-06-22 13:06:30');
INSERT INTO `t_journal_account` VALUES ('194', '1', '1000.00', 'payoff', '2023-06-22 13:06:30');
INSERT INTO `t_journal_account` VALUES ('196', '1', '1000.00', 'topUp', '2023-06-22 13:18:34');
INSERT INTO `t_journal_account` VALUES ('197', '1', '1000.00', 'payoff', '2023-06-22 13:18:35');
INSERT INTO `t_journal_account` VALUES ('199', '1', '1000.00', 'topUp', '2023-06-22 14:01:54');
INSERT INTO `t_journal_account` VALUES ('200', '1', '1000.00', 'payoff', '2023-06-22 14:01:55');
INSERT INTO `t_journal_account` VALUES ('202', '1', '1000.00', 'topUp', '2023-06-22 17:28:56');
INSERT INTO `t_journal_account` VALUES ('203', '1', '1000.00', 'payoff', '2023-06-22 17:28:56');
INSERT INTO `t_journal_account` VALUES ('205', '1', '1000.00', 'topUp', '2023-06-22 17:29:53');
INSERT INTO `t_journal_account` VALUES ('206', '1', '1000.00', 'payoff', '2023-06-22 17:29:53');
INSERT INTO `t_journal_account` VALUES ('208', '1', '1000.00', 'topUp', '2023-06-22 20:30:04');
INSERT INTO `t_journal_account` VALUES ('209', '1', '1000.00', 'payoff', '2023-06-22 20:30:04');
INSERT INTO `t_journal_account` VALUES ('211', '1', '1000.00', 'topUp', '2023-06-22 20:37:48');
INSERT INTO `t_journal_account` VALUES ('212', '1', '1000.00', 'payoff', '2023-06-22 20:37:49');
INSERT INTO `t_journal_account` VALUES ('214', '1', '1000.00', 'topUp', '2023-06-22 20:40:50');
INSERT INTO `t_journal_account` VALUES ('215', '1', '1000.00', 'payoff', '2023-06-22 20:40:50');
INSERT INTO `t_journal_account` VALUES ('217', '1', '1000.00', 'topUp', '2023-06-22 20:57:59');
INSERT INTO `t_journal_account` VALUES ('218', '1', '1000.00', 'payoff', '2023-06-22 20:57:59');
INSERT INTO `t_journal_account` VALUES ('220', '1', '1000.00', 'topUp', '2023-06-23 16:54:43');
INSERT INTO `t_journal_account` VALUES ('221', '1', '1000.00', 'payoff', '2023-06-23 16:54:44');
INSERT INTO `t_journal_account` VALUES ('223', '1', '1000.00', 'topUp', '2023-06-23 18:31:31');
INSERT INTO `t_journal_account` VALUES ('224', '1', '1000.00', 'payoff', '2023-06-23 18:31:32');
INSERT INTO `t_journal_account` VALUES ('226', '1', '1000.00', 'topUp', '2023-06-23 19:55:00');
INSERT INTO `t_journal_account` VALUES ('227', '1', '1000.00', 'payoff', '2023-06-23 19:55:00');

-- ----------------------------
-- Table structure for t_province
-- ----------------------------
DROP TABLE IF EXISTS `t_province`;
CREATE TABLE `t_province` (
  `id` int(6) NOT NULL,
  `name` varchar(80) DEFAULT NULL,
  `country_id` int(4) NOT NULL DEFAULT '0',
  PRIMARY KEY (`id`)
) ENGINE=InnoDB DEFAULT CHARSET=utf8;

-- ----------------------------
-- Records of t_province
-- ----------------------------
INSERT INTO `t_province` VALUES ('110000', '北京市', '1000');
INSERT INTO `t_province` VALUES ('120000', '天津市', '1000');
INSERT INTO `t_province` VALUES ('130000', '河北省', '1000');
INSERT INTO `t_province` VALUES ('140000', '山西省', '1000');
INSERT INTO `t_province` VALUES ('150000', '内蒙古自治区', '1000');
INSERT INTO `t_province` VALUES ('210000', '辽宁省', '1000');
INSERT INTO `t_province` VALUES ('220000', '吉林省', '1000');
INSERT INTO `t_province` VALUES ('230000', '黑龙江省', '1000');
INSERT INTO `t_province` VALUES ('310000', '上海市', '1000');
INSERT INTO `t_province` VALUES ('320000', '江苏省', '1000');
INSERT INTO `t_province` VALUES ('330000', '浙江省', '1000');
INSERT INTO `t_province` VALUES ('340000', '安徽省', '1000');
INSERT INTO `t_province` VALUES ('350000', '福建省', '1000');
INSERT INTO `t_province` VALUES ('360000', '江西省', '1000');
INSERT INTO `t_province` VALUES ('370000', '山东省', '1000');
INSERT INTO `t_province` VALUES ('410000', '河南省', '1000');
INSERT INTO `t_province` VALUES ('420000', '湖北省', '1000');
INSERT INTO `t_province` VALUES ('430000', '湖南省', '1000');
INSERT INTO `t_province` VALUES ('440000', '广东省', '1000');
INSERT INTO `t_province` VALUES ('450000', '广西壮族自治区', '1000');
INSERT INTO `t_province` VALUES ('460000', '海南省', '1000');
INSERT INTO `t_province` VALUES ('500000', '重庆市', '1000');
INSERT INTO `t_province` VALUES ('510000', '四川省', '1000');
INSERT INTO `t_province` VALUES ('520000', '贵州省', '1000');
INSERT INTO `t_province` VALUES ('530000', '云南省', '1000');
INSERT INTO `t_province` VALUES ('540000', '西藏自治区', '1000');
INSERT INTO `t_province` VALUES ('610000', '陕西省', '1000');
INSERT INTO `t_province` VALUES ('620000', '甘肃省', '1000');
INSERT INTO `t_province` VALUES ('630000', '青海省', '1000');
INSERT INTO `t_province` VALUES ('640000', '宁夏回族自治区', '1000');
INSERT INTO `t_province` VALUES ('650000', '新疆维吾尔自治区', '1000');
INSERT INTO `t_province` VALUES ('710000', '台湾省', '1000');
INSERT INTO `t_province` VALUES ('810000', '香港特别行政区', '1000');
INSERT INTO `t_province` VALUES ('820000', '澳门特别行政区', '1000');

-- ----------------------------
-- Table structure for t_vip
-- ----------------------------
DROP TABLE IF EXISTS `t_vip`;
CREATE TABLE `t_vip` (
  `id` int(20) NOT NULL,
  `create_time` datetime DEFAULT NULL,
  `update_time` datetime DEFAULT NULL,
  `available` char(1) DEFAULT NULL,
  `coin` int(20) DEFAULT NULL,
  `vip_type` varchar(10) NOT NULL,
  `cashback` decimal(20,2) DEFAULT NULL,
  PRIMARY KEY (`id`)
) ENGINE=InnoDB DEFAULT CHARSET=utf8;

-- ----------------------------
-- Records of t_vip
-- ----------------------------
INSERT INTO `t_vip` VALUES ('10009', '2022-08-18 14:40:15', null, 'Y', '100000', 'golden', '4000.00');
INSERT INTO `t_vip` VALUES ('10012', '2022-08-18 14:40:15', '2022-08-18 14:42:12', 'Y', '100000', 'golden', '3000.00');
INSERT INTO `t_vip` VALUES ('10013', '2021-03-12 00:00:00', null, 'Y', '2000', 'silver', null);
INSERT INTO `t_vip` VALUES ('10014', '2021-12-09 00:00:00', null, 'Y', '1000', 'silver', null);

-- ----------------------------
-- Table structure for t_zone
-- ----------------------------
DROP TABLE IF EXISTS `t_zone`;
CREATE TABLE `t_zone` (
  `id` int(6) NOT NULL,
  `name` varchar(255) DEFAULT NULL,
  `province_id` int(6) DEFAULT NULL,
  `city_id` int(6) DEFAULT NULL,
  PRIMARY KEY (`id`)
) ENGINE=InnoDB DEFAULT CHARSET=utf8;

-- ----------------------------
-- Records of t_zone
-- ----------------------------
INSERT INTO `t_zone` VALUES ('110101', '东城区', '110000', '110100');
INSERT INTO `t_zone` VALUES ('110102', '西城区', '110000', '110100');
INSERT INTO `t_zone` VALUES ('110105', '朝阳区', '110000', '110100');
INSERT INTO `t_zone` VALUES ('110106', '丰台区', '110000', '110100');
INSERT INTO `t_zone` VALUES ('110107', '石景山区', '110000', '110100');
INSERT INTO `t_zone` VALUES ('110108', '海淀区', '110000', '110100');
INSERT INTO `t_zone` VALUES ('110109', '门头沟区', '110000', '110100');
INSERT INTO `t_zone` VALUES ('110111', '房山区', '110000', '110100');
INSERT INTO `t_zone` VALUES ('110112', '通州区', '110000', '110100');
INSERT INTO `t_zone` VALUES ('110113', '顺义区', '110000', '110100');
INSERT INTO `t_zone` VALUES ('110114', '昌平区', '110000', '110100');
INSERT INTO `t_zone` VALUES ('110115', '大兴区', '110000', '110100');
INSERT INTO `t_zone` VALUES ('110116', '怀柔区', '110000', '110100');
INSERT INTO `t_zone` VALUES ('110117', '平谷区', '110000', '110100');
INSERT INTO `t_zone` VALUES ('110118', '密云区', '110000', '110100');
INSERT INTO `t_zone` VALUES ('110119', '延庆区', '110000', '110100');
INSERT INTO `t_zone` VALUES ('120101', '和平区', '120000', '120100');
INSERT INTO `t_zone` VALUES ('120102', '河东区', '120000', '120100');
INSERT INTO `t_zone` VALUES ('120103', '河西区', '120000', '120100');
INSERT INTO `t_zone` VALUES ('120104', '南开区', '120000', '120100');
INSERT INTO `t_zone` VALUES ('120105', '河北区', '120000', '120100');
INSERT INTO `t_zone` VALUES ('120106', '红桥区', '120000', '120100');
INSERT INTO `t_zone` VALUES ('120110', '东丽区', '120000', '120100');
INSERT INTO `t_zone` VALUES ('120111', '西青区', '120000', '120100');
INSERT INTO `t_zone` VALUES ('120112', '津南区', '120000', '120100');
INSERT INTO `t_zone` VALUES ('120113', '北辰区', '120000', '120100');
INSERT INTO `t_zone` VALUES ('120114', '武清区', '120000', '120100');
INSERT INTO `t_zone` VALUES ('120115', '宝坻区', '120000', '120100');
INSERT INTO `t_zone` VALUES ('120116', '滨海新区', '120000', '120100');
INSERT INTO `t_zone` VALUES ('120117', '宁河区', '120000', '120100');
INSERT INTO `t_zone` VALUES ('120118', '静海区', '120000', '120100');
INSERT INTO `t_zone` VALUES ('120119', '蓟州区', '120000', '120100');
INSERT INTO `t_zone` VALUES ('130102', '长安区', '130000', '130100');
INSERT INTO `t_zone` VALUES ('130104', '桥西区', '130000', '130100');
INSERT INTO `t_zone` VALUES ('130105', '新华区', '130000', '130100');
INSERT INTO `t_zone` VALUES ('130107', '井陉矿区', '130000', '130100');
INSERT INTO `t_zone` VALUES ('130108', '裕华区', '130000', '130100');
INSERT INTO `t_zone` VALUES ('130109', '藁城区', '130000', '130100');
INSERT INTO `t_zone` VALUES ('130110', '鹿泉区', '130000', '130100');
INSERT INTO `t_zone` VALUES ('130111', '栾城区', '130000', '130100');
INSERT INTO `t_zone` VALUES ('130121', '井陉县', '130000', '130100');
INSERT INTO `t_zone` VALUES ('130123', '正定县', '130000', '130100');
INSERT INTO `t_zone` VALUES ('130125', '行唐县', '130000', '130100');
INSERT INTO `t_zone` VALUES ('130126', '灵寿县', '130000', '130100');
INSERT INTO `t_zone` VALUES ('130127', '高邑县', '130000', '130100');
INSERT INTO `t_zone` VALUES ('130128', '深泽县', '130000', '130100');
INSERT INTO `t_zone` VALUES ('130129', '赞皇县', '130000', '130100');
INSERT INTO `t_zone` VALUES ('130130', '无极县', '130000', '130100');
INSERT INTO `t_zone` VALUES ('130131', '平山县', '130000', '130100');
INSERT INTO `t_zone` VALUES ('130132', '元氏县', '130000', '130100');
INSERT INTO `t_zone` VALUES ('130133', '赵县', '130000', '130100');
INSERT INTO `t_zone` VALUES ('130181', '辛集市', '130000', '130100');
INSERT INTO `t_zone` VALUES ('130183', '晋州市', '130000', '130100');
INSERT INTO `t_zone` VALUES ('130184', '新乐市', '130000', '130100');
INSERT INTO `t_zone` VALUES ('130202', '路南区', '130000', '130200');
INSERT INTO `t_zone` VALUES ('130203', '路北区', '130000', '130200');
INSERT INTO `t_zone` VALUES ('130204', '古冶区', '130000', '130200');
INSERT INTO `t_zone` VALUES ('130205', '开平区', '130000', '130200');
INSERT INTO `t_zone` VALUES ('130207', '丰南区', '130000', '130200');
INSERT INTO `t_zone` VALUES ('130208', '丰润区', '130000', '130200');
INSERT INTO `t_zone` VALUES ('130209', '曹妃甸区', '130000', '130200');
INSERT INTO `t_zone` VALUES ('130224', '滦南县', '130000', '130200');
INSERT INTO `t_zone` VALUES ('130225', '乐亭县', '130000', '130200');
INSERT INTO `t_zone` VALUES ('130227', '迁西县', '130000', '130200');
INSERT INTO `t_zone` VALUES ('130229', '玉田县', '130000', '130200');
INSERT INTO `t_zone` VALUES ('130281', '遵化市', '130000', '130200');
INSERT INTO `t_zone` VALUES ('130283', '迁安市', '130000', '130200');
INSERT INTO `t_zone` VALUES ('130284', '滦州市', '130000', '130200');
INSERT INTO `t_zone` VALUES ('130302', '海港区', '130000', '130300');
INSERT INTO `t_zone` VALUES ('130303', '山海关区', '130000', '130300');
INSERT INTO `t_zone` VALUES ('130304', '北戴河区', '130000', '130300');
INSERT INTO `t_zone` VALUES ('130306', '抚宁区', '130000', '130300');
INSERT INTO `t_zone` VALUES ('130321', '青龙满族自治县', '130000', '130300');
INSERT INTO `t_zone` VALUES ('130322', '昌黎县', '130000', '130300');
INSERT INTO `t_zone` VALUES ('130324', '卢龙县', '130000', '130300');
INSERT INTO `t_zone` VALUES ('130402', '邯山区', '130000', '130400');
INSERT INTO `t_zone` VALUES ('130403', '丛台区', '130000', '130400');
INSERT INTO `t_zone` VALUES ('130404', '复兴区', '130000', '130400');
INSERT INTO `t_zone` VALUES ('130406', '峰峰矿区', '130000', '130400');
INSERT INTO `t_zone` VALUES ('130407', '肥乡区', '130000', '130400');
INSERT INTO `t_zone` VALUES ('130408', '永年区', '130000', '130400');
INSERT INTO `t_zone` VALUES ('130423', '临漳县', '130000', '130400');
INSERT INTO `t_zone` VALUES ('130424', '成安县', '130000', '130400');
INSERT INTO `t_zone` VALUES ('130425', '大名县', '130000', '130400');
INSERT INTO `t_zone` VALUES ('130426', '涉县', '130000', '130400');
INSERT INTO `t_zone` VALUES ('130427', '磁县', '130000', '130400');
INSERT INTO `t_zone` VALUES ('130430', '邱县', '130000', '130400');
INSERT INTO `t_zone` VALUES ('130431', '鸡泽县', '130000', '130400');
INSERT INTO `t_zone` VALUES ('130432', '广平县', '130000', '130400');
INSERT INTO `t_zone` VALUES ('130433', '馆陶县', '130000', '130400');
INSERT INTO `t_zone` VALUES ('130434', '魏县', '130000', '130400');
INSERT INTO `t_zone` VALUES ('130435', '曲周县', '130000', '130400');
INSERT INTO `t_zone` VALUES ('130481', '武安市', '130000', '130400');
INSERT INTO `t_zone` VALUES ('130502', '桥东区', '130000', '130500');
INSERT INTO `t_zone` VALUES ('130503', '桥西区', '130000', '130500');
INSERT INTO `t_zone` VALUES ('130521', '邢台县', '130000', '130500');
INSERT INTO `t_zone` VALUES ('130522', '临城县', '130000', '130500');
INSERT INTO `t_zone` VALUES ('130523', '内丘县', '130000', '130500');
INSERT INTO `t_zone` VALUES ('130524', '柏乡县', '130000', '130500');
INSERT INTO `t_zone` VALUES ('130525', '隆尧县', '130000', '130500');
INSERT INTO `t_zone` VALUES ('130526', '任县', '130000', '130500');
INSERT INTO `t_zone` VALUES ('130527', '南和县', '130000', '130500');
INSERT INTO `t_zone` VALUES ('130528', '宁晋县', '130000', '130500');
INSERT INTO `t_zone` VALUES ('130529', '巨鹿县', '130000', '130500');
INSERT INTO `t_zone` VALUES ('130530', '新河县', '130000', '130500');
INSERT INTO `t_zone` VALUES ('130531', '广宗县', '130000', '130500');
INSERT INTO `t_zone` VALUES ('130532', '平乡县', '130000', '130500');
INSERT INTO `t_zone` VALUES ('130533', '威县', '130000', '130500');
INSERT INTO `t_zone` VALUES ('130534', '清河县', '130000', '130500');
INSERT INTO `t_zone` VALUES ('130535', '临西县', '130000', '130500');
INSERT INTO `t_zone` VALUES ('130581', '南宫市', '130000', '130500');
INSERT INTO `t_zone` VALUES ('130582', '沙河市', '130000', '130500');
INSERT INTO `t_zone` VALUES ('130602', '竞秀区', '130000', '130600');
INSERT INTO `t_zone` VALUES ('130606', '莲池区', '130000', '130600');
INSERT INTO `t_zone` VALUES ('130607', '满城区', '130000', '130600');
INSERT INTO `t_zone` VALUES ('130608', '清苑区', '130000', '130600');
INSERT INTO `t_zone` VALUES ('130609', '徐水区', '130000', '130600');
INSERT INTO `t_zone` VALUES ('130623', '涞水县', '130000', '130600');
INSERT INTO `t_zone` VALUES ('130624', '阜平县', '130000', '130600');
INSERT INTO `t_zone` VALUES ('130626', '定兴县', '130000', '130600');
INSERT INTO `t_zone` VALUES ('130627', '唐县', '130000', '130600');
INSERT INTO `t_zone` VALUES ('130628', '高阳县', '130000', '130600');
INSERT INTO `t_zone` VALUES ('130629', '容城县', '130000', '130600');
INSERT INTO `t_zone` VALUES ('130630', '涞源县', '130000', '130600');
INSERT INTO `t_zone` VALUES ('130631', '望都县', '130000', '130600');
INSERT INTO `t_zone` VALUES ('130632', '安新县', '130000', '130600');
INSERT INTO `t_zone` VALUES ('130633', '易县', '130000', '130600');
INSERT INTO `t_zone` VALUES ('130634', '曲阳县', '130000', '130600');
INSERT INTO `t_zone` VALUES ('130635', '蠡县', '130000', '130600');
INSERT INTO `t_zone` VALUES ('130636', '顺平县', '130000', '130600');
INSERT INTO `t_zone` VALUES ('130637', '博野县', '130000', '130600');
INSERT INTO `t_zone` VALUES ('130638', '雄县', '130000', '130600');
INSERT INTO `t_zone` VALUES ('130681', '涿州市', '130000', '130600');
INSERT INTO `t_zone` VALUES ('130682', '定州市', '130000', '130600');
INSERT INTO `t_zone` VALUES ('130683', '安国市', '130000', '130600');
INSERT INTO `t_zone` VALUES ('130684', '高碑店市', '130000', '130600');
INSERT INTO `t_zone` VALUES ('130702', '桥东区', '130000', '130700');
INSERT INTO `t_zone` VALUES ('130703', '桥西区', '130000', '130700');
INSERT INTO `t_zone` VALUES ('130705', '宣化区', '130000', '130700');
INSERT INTO `t_zone` VALUES ('130706', '下花园区', '130000', '130700');
INSERT INTO `t_zone` VALUES ('130708', '万全区', '130000', '130700');
INSERT INTO `t_zone` VALUES ('130709', '崇礼区', '130000', '130700');
INSERT INTO `t_zone` VALUES ('130722', '张北县', '130000', '130700');
INSERT INTO `t_zone` VALUES ('130723', '康保县', '130000', '130700');
INSERT INTO `t_zone` VALUES ('130724', '沽源县', '130000', '130700');
INSERT INTO `t_zone` VALUES ('130725', '尚义县', '130000', '130700');
INSERT INTO `t_zone` VALUES ('130726', '蔚县', '130000', '130700');
INSERT INTO `t_zone` VALUES ('130727', '阳原县', '130000', '130700');
INSERT INTO `t_zone` VALUES ('130728', '怀安县', '130000', '130700');
INSERT INTO `t_zone` VALUES ('130730', '怀来县', '130000', '130700');
INSERT INTO `t_zone` VALUES ('130731', '涿鹿县', '130000', '130700');
INSERT INTO `t_zone` VALUES ('130732', '赤城县', '130000', '130700');
INSERT INTO `t_zone` VALUES ('130802', '双桥区', '130000', '130800');
INSERT INTO `t_zone` VALUES ('130803', '双滦区', '130000', '130800');
INSERT INTO `t_zone` VALUES ('130804', '鹰手营子矿区', '130000', '130800');
INSERT INTO `t_zone` VALUES ('130821', '承德县', '130000', '130800');
INSERT INTO `t_zone` VALUES ('130822', '兴隆县', '130000', '130800');
INSERT INTO `t_zone` VALUES ('130824', '滦平县', '130000', '130800');
INSERT INTO `t_zone` VALUES ('130825', '隆化县', '130000', '130800');
INSERT INTO `t_zone` VALUES ('130826', '丰宁满族自治县', '130000', '130800');
INSERT INTO `t_zone` VALUES ('130827', '宽城满族自治县', '130000', '130800');
INSERT INTO `t_zone` VALUES ('130828', '围场满族蒙古族自治县', '130000', '130800');
INSERT INTO `t_zone` VALUES ('130881', '平泉市', '130000', '130800');
INSERT INTO `t_zone` VALUES ('130902', '新华区', '130000', '130900');
INSERT INTO `t_zone` VALUES ('130903', '运河区', '130000', '130900');
INSERT INTO `t_zone` VALUES ('130921', '沧县', '130000', '130900');
INSERT INTO `t_zone` VALUES ('130922', '青县', '130000', '130900');
INSERT INTO `t_zone` VALUES ('130923', '东光县', '130000', '130900');
INSERT INTO `t_zone` VALUES ('130924', '海兴县', '130000', '130900');
INSERT INTO `t_zone` VALUES ('130925', '盐山县', '130000', '130900');
INSERT INTO `t_zone` VALUES ('130926', '肃宁县', '130000', '130900');
INSERT INTO `t_zone` VALUES ('130927', '南皮县', '130000', '130900');
INSERT INTO `t_zone` VALUES ('130928', '吴桥县', '130000', '130900');
INSERT INTO `t_zone` VALUES ('130929', '献县', '130000', '130900');
INSERT INTO `t_zone` VALUES ('130930', '孟村回族自治县', '130000', '130900');
INSERT INTO `t_zone` VALUES ('130981', '泊头市', '130000', '130900');
INSERT INTO `t_zone` VALUES ('130982', '任丘市', '130000', '130900');
INSERT INTO `t_zone` VALUES ('130983', '黄骅市', '130000', '130900');
INSERT INTO `t_zone` VALUES ('130984', '河间市', '130000', '130900');
INSERT INTO `t_zone` VALUES ('131002', '安次区', '130000', '131000');
INSERT INTO `t_zone` VALUES ('131003', '广阳区', '130000', '131000');
INSERT INTO `t_zone` VALUES ('131022', '固安县', '130000', '131000');
INSERT INTO `t_zone` VALUES ('131023', '永清县', '130000', '131000');
INSERT INTO `t_zone` VALUES ('131024', '香河县', '130000', '131000');
INSERT INTO `t_zone` VALUES ('131025', '大城县', '130000', '131000');
INSERT INTO `t_zone` VALUES ('131026', '文安县', '130000', '131000');
INSERT INTO `t_zone` VALUES ('131028', '大厂回族自治县', '130000', '131000');
INSERT INTO `t_zone` VALUES ('131081', '霸州市', '130000', '131000');
INSERT INTO `t_zone` VALUES ('131082', '三河市', '130000', '131000');
INSERT INTO `t_zone` VALUES ('131102', '桃城区', '130000', '131100');
INSERT INTO `t_zone` VALUES ('131103', '冀州区', '130000', '131100');
INSERT INTO `t_zone` VALUES ('131121', '枣强县', '130000', '131100');
INSERT INTO `t_zone` VALUES ('131122', '武邑县', '130000', '131100');
INSERT INTO `t_zone` VALUES ('131123', '武强县', '130000', '131100');
INSERT INTO `t_zone` VALUES ('131124', '饶阳县', '130000', '131100');
INSERT INTO `t_zone` VALUES ('131125', '安平县', '130000', '131100');
INSERT INTO `t_zone` VALUES ('131126', '故城县', '130000', '131100');
INSERT INTO `t_zone` VALUES ('131127', '景县', '130000', '131100');
INSERT INTO `t_zone` VALUES ('131128', '阜城县', '130000', '131100');
INSERT INTO `t_zone` VALUES ('131182', '深州市', '130000', '131100');
INSERT INTO `t_zone` VALUES ('140105', '小店区', '140000', '140100');
INSERT INTO `t_zone` VALUES ('140106', '迎泽区', '140000', '140100');
INSERT INTO `t_zone` VALUES ('140107', '杏花岭区', '140000', '140100');
INSERT INTO `t_zone` VALUES ('140108', '尖草坪区', '140000', '140100');
INSERT INTO `t_zone` VALUES ('140109', '万柏林区', '140000', '140100');
INSERT INTO `t_zone` VALUES ('140110', '晋源区', '140000', '140100');
INSERT INTO `t_zone` VALUES ('140121', '清徐县', '140000', '140100');
INSERT INTO `t_zone` VALUES ('140122', '阳曲县', '140000', '140100');
INSERT INTO `t_zone` VALUES ('140123', '娄烦县', '140000', '140100');
INSERT INTO `t_zone` VALUES ('140181', '古交市', '140000', '140100');
INSERT INTO `t_zone` VALUES ('140212', '新荣区', '140000', '140200');
INSERT INTO `t_zone` VALUES ('140213', '平城区', '140000', '140200');
INSERT INTO `t_zone` VALUES ('140214', '云冈区', '140000', '140200');
INSERT INTO `t_zone` VALUES ('140215', '云州区', '140000', '140200');
INSERT INTO `t_zone` VALUES ('140221', '阳高县', '140000', '140200');
INSERT INTO `t_zone` VALUES ('140222', '天镇县', '140000', '140200');
INSERT INTO `t_zone` VALUES ('140223', '广灵县', '140000', '140200');
INSERT INTO `t_zone` VALUES ('140224', '灵丘县', '140000', '140200');
INSERT INTO `t_zone` VALUES ('140225', '浑源县', '140000', '140200');
INSERT INTO `t_zone` VALUES ('140226', '左云县', '140000', '140200');
INSERT INTO `t_zone` VALUES ('140302', '城区', '140000', '140300');
INSERT INTO `t_zone` VALUES ('140303', '矿区', '140000', '140300');
INSERT INTO `t_zone` VALUES ('140311', '郊区', '140000', '140300');
INSERT INTO `t_zone` VALUES ('140321', '平定县', '140000', '140300');
INSERT INTO `t_zone` VALUES ('140322', '盂县', '140000', '140300');
INSERT INTO `t_zone` VALUES ('140403', '潞州区', '140000', '140400');
INSERT INTO `t_zone` VALUES ('140404', '上党区', '140000', '140400');
INSERT INTO `t_zone` VALUES ('140405', '屯留区', '140000', '140400');
INSERT INTO `t_zone` VALUES ('140406', '潞城区', '140000', '140400');
INSERT INTO `t_zone` VALUES ('140423', '襄垣县', '140000', '140400');
INSERT INTO `t_zone` VALUES ('140425', '平顺县', '140000', '140400');
INSERT INTO `t_zone` VALUES ('140426', '黎城县', '140000', '140400');
INSERT INTO `t_zone` VALUES ('140427', '壶关县', '140000', '140400');
INSERT INTO `t_zone` VALUES ('140428', '长子县', '140000', '140400');
INSERT INTO `t_zone` VALUES ('140429', '武乡县', '140000', '140400');
INSERT INTO `t_zone` VALUES ('140430', '沁县', '140000', '140400');
INSERT INTO `t_zone` VALUES ('140431', '沁源县', '140000', '140400');
INSERT INTO `t_zone` VALUES ('140502', '城区', '140000', '140500');
INSERT INTO `t_zone` VALUES ('140521', '沁水县', '140000', '140500');
INSERT INTO `t_zone` VALUES ('140522', '阳城县', '140000', '140500');
INSERT INTO `t_zone` VALUES ('140524', '陵川县', '140000', '140500');
INSERT INTO `t_zone` VALUES ('140525', '泽州县', '140000', '140500');
INSERT INTO `t_zone` VALUES ('140581', '高平市', '140000', '140500');
INSERT INTO `t_zone` VALUES ('140602', '朔城区', '140000', '140600');
INSERT INTO `t_zone` VALUES ('140603', '平鲁区', '140000', '140600');
INSERT INTO `t_zone` VALUES ('140621', '山阴县', '140000', '140600');
INSERT INTO `t_zone` VALUES ('140622', '应县', '140000', '140600');
INSERT INTO `t_zone` VALUES ('140623', '右玉县', '140000', '140600');
INSERT INTO `t_zone` VALUES ('140681', '怀仁市', '140000', '140600');
INSERT INTO `t_zone` VALUES ('140702', '榆次区', '140000', '140700');
INSERT INTO `t_zone` VALUES ('140703', '太谷区', '140000', '140700');
INSERT INTO `t_zone` VALUES ('140721', '榆社县', '140000', '140700');
INSERT INTO `t_zone` VALUES ('140722', '左权县', '140000', '140700');
INSERT INTO `t_zone` VALUES ('140723', '和顺县', '140000', '140700');
INSERT INTO `t_zone` VALUES ('140724', '昔阳县', '140000', '140700');
INSERT INTO `t_zone` VALUES ('140725', '寿阳县', '140000', '140700');
INSERT INTO `t_zone` VALUES ('140727', '祁县', '140000', '140700');
INSERT INTO `t_zone` VALUES ('140728', '平遥县', '140000', '140700');
INSERT INTO `t_zone` VALUES ('140729', '灵石县', '140000', '140700');
INSERT INTO `t_zone` VALUES ('140781', '介休市', '140000', '140700');
INSERT INTO `t_zone` VALUES ('140802', '盐湖区', '140000', '140800');
INSERT INTO `t_zone` VALUES ('140821', '临猗县', '140000', '140800');
INSERT INTO `t_zone` VALUES ('140822', '万荣县', '140000', '140800');
INSERT INTO `t_zone` VALUES ('140823', '闻喜县', '140000', '140800');
INSERT INTO `t_zone` VALUES ('140824', '稷山县', '140000', '140800');
INSERT INTO `t_zone` VALUES ('140825', '新绛县', '140000', '140800');
INSERT INTO `t_zone` VALUES ('140826', '绛县', '140000', '140800');
INSERT INTO `t_zone` VALUES ('140827', '垣曲县', '140000', '140800');
INSERT INTO `t_zone` VALUES ('140828', '夏县', '140000', '140800');
INSERT INTO `t_zone` VALUES ('140829', '平陆县', '140000', '140800');
INSERT INTO `t_zone` VALUES ('140830', '芮城县', '140000', '140800');
INSERT INTO `t_zone` VALUES ('140881', '永济市', '140000', '140800');
INSERT INTO `t_zone` VALUES ('140882', '河津市', '140000', '140800');
INSERT INTO `t_zone` VALUES ('140902', '忻府区', '140000', '140900');
INSERT INTO `t_zone` VALUES ('140921', '定襄县', '140000', '140900');
INSERT INTO `t_zone` VALUES ('140922', '五台县', '140000', '140900');
INSERT INTO `t_zone` VALUES ('140923', '代县', '140000', '140900');
INSERT INTO `t_zone` VALUES ('140924', '繁峙县', '140000', '140900');
INSERT INTO `t_zone` VALUES ('140925', '宁武县', '140000', '140900');
INSERT INTO `t_zone` VALUES ('140926', '静乐县', '140000', '140900');
INSERT INTO `t_zone` VALUES ('140927', '神池县', '140000', '140900');
INSERT INTO `t_zone` VALUES ('140928', '五寨县', '140000', '140900');
INSERT INTO `t_zone` VALUES ('140929', '岢岚县', '140000', '140900');
INSERT INTO `t_zone` VALUES ('140930', '河曲县', '140000', '140900');
INSERT INTO `t_zone` VALUES ('140931', '保德县', '140000', '140900');
INSERT INTO `t_zone` VALUES ('140932', '偏关县', '140000', '140900');
INSERT INTO `t_zone` VALUES ('140981', '原平市', '140000', '140900');
INSERT INTO `t_zone` VALUES ('141002', '尧都区', '140000', '141000');
INSERT INTO `t_zone` VALUES ('141021', '曲沃县', '140000', '141000');
INSERT INTO `t_zone` VALUES ('141022', '翼城县', '140000', '141000');
INSERT INTO `t_zone` VALUES ('141023', '襄汾县', '140000', '141000');
INSERT INTO `t_zone` VALUES ('141024', '洪洞县', '140000', '141000');
INSERT INTO `t_zone` VALUES ('141025', '古县', '140000', '141000');
INSERT INTO `t_zone` VALUES ('141026', '安泽县', '140000', '141000');
INSERT INTO `t_zone` VALUES ('141027', '浮山县', '140000', '141000');
INSERT INTO `t_zone` VALUES ('141028', '吉县', '140000', '141000');
INSERT INTO `t_zone` VALUES ('141029', '乡宁县', '140000', '141000');
INSERT INTO `t_zone` VALUES ('141030', '大宁县', '140000', '141000');
INSERT INTO `t_zone` VALUES ('141031', '隰县', '140000', '141000');
INSERT INTO `t_zone` VALUES ('141032', '永和县', '140000', '141000');
INSERT INTO `t_zone` VALUES ('141033', '蒲县', '140000', '141000');
INSERT INTO `t_zone` VALUES ('141034', '汾西县', '140000', '141000');
INSERT INTO `t_zone` VALUES ('141081', '侯马市', '140000', '141000');
INSERT INTO `t_zone` VALUES ('141082', '霍州市', '140000', '141000');
INSERT INTO `t_zone` VALUES ('141102', '离石区', '140000', '141100');
INSERT INTO `t_zone` VALUES ('141121', '文水县', '140000', '141100');
INSERT INTO `t_zone` VALUES ('141122', '交城县', '140000', '141100');
INSERT INTO `t_zone` VALUES ('141123', '兴县', '140000', '141100');
INSERT INTO `t_zone` VALUES ('141124', '临县', '140000', '141100');
INSERT INTO `t_zone` VALUES ('141125', '柳林县', '140000', '141100');
INSERT INTO `t_zone` VALUES ('141126', '石楼县', '140000', '141100');
INSERT INTO `t_zone` VALUES ('141127', '岚县', '140000', '141100');
INSERT INTO `t_zone` VALUES ('141128', '方山县', '140000', '141100');
INSERT INTO `t_zone` VALUES ('141129', '中阳县', '140000', '141100');
INSERT INTO `t_zone` VALUES ('141130', '交口县', '140000', '141100');
INSERT INTO `t_zone` VALUES ('141181', '孝义市', '140000', '141100');
INSERT INTO `t_zone` VALUES ('141182', '汾阳市', '140000', '141100');
INSERT INTO `t_zone` VALUES ('150102', '新城区', '150000', '150100');
INSERT INTO `t_zone` VALUES ('150103', '回民区', '150000', '150100');
INSERT INTO `t_zone` VALUES ('150104', '玉泉区', '150000', '150100');
INSERT INTO `t_zone` VALUES ('150105', '赛罕区', '150000', '150100');
INSERT INTO `t_zone` VALUES ('150121', '土默特左旗', '150000', '150100');
INSERT INTO `t_zone` VALUES ('150122', '托克托县', '150000', '150100');
INSERT INTO `t_zone` VALUES ('150123', '和林格尔县', '150000', '150100');
INSERT INTO `t_zone` VALUES ('150124', '清水河县', '150000', '150100');
INSERT INTO `t_zone` VALUES ('150125', '武川县', '150000', '150100');
INSERT INTO `t_zone` VALUES ('150202', '东河区', '150000', '150200');
INSERT INTO `t_zone` VALUES ('150203', '昆都仑区', '150000', '150200');
INSERT INTO `t_zone` VALUES ('150204', '青山区', '150000', '150200');
INSERT INTO `t_zone` VALUES ('150205', '石拐区', '150000', '150200');
INSERT INTO `t_zone` VALUES ('150206', '白云鄂博矿区', '150000', '150200');
INSERT INTO `t_zone` VALUES ('150207', '九原区', '150000', '150200');
INSERT INTO `t_zone` VALUES ('150221', '土默特右旗', '150000', '150200');
INSERT INTO `t_zone` VALUES ('150222', '固阳县', '150000', '150200');
INSERT INTO `t_zone` VALUES ('150223', '达尔罕茂明安联合旗', '150000', '150200');
INSERT INTO `t_zone` VALUES ('150302', '海勃湾区', '150000', '150300');
INSERT INTO `t_zone` VALUES ('150303', '海南区', '150000', '150300');
INSERT INTO `t_zone` VALUES ('150304', '乌达区', '150000', '150300');
INSERT INTO `t_zone` VALUES ('150402', '红山区', '150000', '150400');
INSERT INTO `t_zone` VALUES ('150403', '元宝山区', '150000', '150400');
INSERT INTO `t_zone` VALUES ('150404', '松山区', '150000', '150400');
INSERT INTO `t_zone` VALUES ('150421', '阿鲁科尔沁旗', '150000', '150400');
INSERT INTO `t_zone` VALUES ('150422', '巴林左旗', '150000', '150400');
INSERT INTO `t_zone` VALUES ('150423', '巴林右旗', '150000', '150400');
INSERT INTO `t_zone` VALUES ('150424', '林西县', '150000', '150400');
INSERT INTO `t_zone` VALUES ('150425', '克什克腾旗', '150000', '150400');
INSERT INTO `t_zone` VALUES ('150426', '翁牛特旗', '150000', '150400');
INSERT INTO `t_zone` VALUES ('150428', '喀喇沁旗', '150000', '150400');
INSERT INTO `t_zone` VALUES ('150429', '宁城县', '150000', '150400');
INSERT INTO `t_zone` VALUES ('150430', '敖汉旗', '150000', '150400');
INSERT INTO `t_zone` VALUES ('150502', '科尔沁区', '150000', '150500');
INSERT INTO `t_zone` VALUES ('150521', '科尔沁左翼中旗', '150000', '150500');
INSERT INTO `t_zone` VALUES ('150522', '科尔沁左翼后旗', '150000', '150500');
INSERT INTO `t_zone` VALUES ('150523', '开鲁县', '150000', '150500');
INSERT INTO `t_zone` VALUES ('150524', '库伦旗', '150000', '150500');
INSERT INTO `t_zone` VALUES ('150525', '奈曼旗', '150000', '150500');
INSERT INTO `t_zone` VALUES ('150526', '扎鲁特旗', '150000', '150500');
INSERT INTO `t_zone` VALUES ('150581', '霍林郭勒市', '150000', '150500');
INSERT INTO `t_zone` VALUES ('150602', '东胜区', '150000', '150600');
INSERT INTO `t_zone` VALUES ('150603', '康巴什区', '150000', '150600');
INSERT INTO `t_zone` VALUES ('150621', '达拉特旗', '150000', '150600');
INSERT INTO `t_zone` VALUES ('150622', '准格尔旗', '150000', '150600');
INSERT INTO `t_zone` VALUES ('150623', '鄂托克前旗', '150000', '150600');
INSERT INTO `t_zone` VALUES ('150624', '鄂托克旗', '150000', '150600');
INSERT INTO `t_zone` VALUES ('150625', '杭锦旗', '150000', '150600');
INSERT INTO `t_zone` VALUES ('150626', '乌审旗', '150000', '150600');
INSERT INTO `t_zone` VALUES ('150627', '伊金霍洛旗', '150000', '150600');
INSERT INTO `t_zone` VALUES ('150702', '海拉尔区', '150000', '150700');
INSERT INTO `t_zone` VALUES ('150703', '扎赉诺尔区', '150000', '150700');
INSERT INTO `t_zone` VALUES ('150721', '阿荣旗', '150000', '150700');
INSERT INTO `t_zone` VALUES ('150722', '莫力达瓦达斡尔族自治旗', '150000', '150700');
INSERT INTO `t_zone` VALUES ('150723', '鄂伦春自治旗', '150000', '150700');
INSERT INTO `t_zone` VALUES ('150724', '鄂温克族自治旗', '150000', '150700');
INSERT INTO `t_zone` VALUES ('150725', '陈巴尔虎旗', '150000', '150700');
INSERT INTO `t_zone` VALUES ('150726', '新巴尔虎左旗', '150000', '150700');
INSERT INTO `t_zone` VALUES ('150727', '新巴尔虎右旗', '150000', '150700');
INSERT INTO `t_zone` VALUES ('150781', '满洲里市', '150000', '150700');
INSERT INTO `t_zone` VALUES ('150782', '牙克石市', '150000', '150700');
INSERT INTO `t_zone` VALUES ('150783', '扎兰屯市', '150000', '150700');
INSERT INTO `t_zone` VALUES ('150784', '额尔古纳市', '150000', '150700');
INSERT INTO `t_zone` VALUES ('150785', '根河市', '150000', '150700');
INSERT INTO `t_zone` VALUES ('150802', '临河区', '150000', '150800');
INSERT INTO `t_zone` VALUES ('150821', '五原县', '150000', '150800');
INSERT INTO `t_zone` VALUES ('150822', '磴口县', '150000', '150800');
INSERT INTO `t_zone` VALUES ('150823', '乌拉特前旗', '150000', '150800');
INSERT INTO `t_zone` VALUES ('150824', '乌拉特中旗', '150000', '150800');
INSERT INTO `t_zone` VALUES ('150825', '乌拉特后旗', '150000', '150800');
INSERT INTO `t_zone` VALUES ('150826', '杭锦后旗', '150000', '150800');
INSERT INTO `t_zone` VALUES ('150902', '集宁区', '150000', '150900');
INSERT INTO `t_zone` VALUES ('150921', '卓资县', '150000', '150900');
INSERT INTO `t_zone` VALUES ('150922', '化德县', '150000', '150900');
INSERT INTO `t_zone` VALUES ('150923', '商都县', '150000', '150900');
INSERT INTO `t_zone` VALUES ('150924', '兴和县', '150000', '150900');
INSERT INTO `t_zone` VALUES ('150925', '凉城县', '150000', '150900');
INSERT INTO `t_zone` VALUES ('150926', '察哈尔右翼前旗', '150000', '150900');
INSERT INTO `t_zone` VALUES ('150927', '察哈尔右翼中旗', '150000', '150900');
INSERT INTO `t_zone` VALUES ('150928', '察哈尔右翼后旗', '150000', '150900');
INSERT INTO `t_zone` VALUES ('150929', '四子王旗', '150000', '150900');
INSERT INTO `t_zone` VALUES ('150981', '丰镇市', '150000', '150900');
INSERT INTO `t_zone` VALUES ('152201', '乌兰浩特市', '150000', '152200');
INSERT INTO `t_zone` VALUES ('152202', '阿尔山市', '150000', '152200');
INSERT INTO `t_zone` VALUES ('152221', '科尔沁右翼前旗', '150000', '152200');
INSERT INTO `t_zone` VALUES ('152222', '科尔沁右翼中旗', '150000', '152200');
INSERT INTO `t_zone` VALUES ('152223', '扎赉特旗', '150000', '152200');
INSERT INTO `t_zone` VALUES ('152224', '突泉县', '150000', '152200');
INSERT INTO `t_zone` VALUES ('152501', '二连浩特市', '150000', '152500');
INSERT INTO `t_zone` VALUES ('152502', '锡林浩特市', '150000', '152500');
INSERT INTO `t_zone` VALUES ('152522', '阿巴嘎旗', '150000', '152500');
INSERT INTO `t_zone` VALUES ('152523', '苏尼特左旗', '150000', '152500');
INSERT INTO `t_zone` VALUES ('152524', '苏尼特右旗', '150000', '152500');
INSERT INTO `t_zone` VALUES ('152525', '东乌珠穆沁旗', '150000', '152500');
INSERT INTO `t_zone` VALUES ('152526', '西乌珠穆沁旗', '150000', '152500');
INSERT INTO `t_zone` VALUES ('152527', '太仆寺旗', '150000', '152500');
INSERT INTO `t_zone` VALUES ('152528', '镶黄旗', '150000', '152500');
INSERT INTO `t_zone` VALUES ('152529', '正镶白旗', '150000', '152500');
INSERT INTO `t_zone` VALUES ('152530', '正蓝旗', '150000', '152500');
INSERT INTO `t_zone` VALUES ('152531', '多伦县', '150000', '152500');
INSERT INTO `t_zone` VALUES ('152921', '阿拉善左旗', '150000', '152900');
INSERT INTO `t_zone` VALUES ('152922', '阿拉善右旗', '150000', '152900');
INSERT INTO `t_zone` VALUES ('152923', '额济纳旗', '150000', '152900');
INSERT INTO `t_zone` VALUES ('210102', '和平区', '210000', '210100');
INSERT INTO `t_zone` VALUES ('210103', '沈河区', '210000', '210100');
INSERT INTO `t_zone` VALUES ('210104', '大东区', '210000', '210100');
INSERT INTO `t_zone` VALUES ('210105', '皇姑区', '210000', '210100');
INSERT INTO `t_zone` VALUES ('210106', '铁西区', '210000', '210100');
INSERT INTO `t_zone` VALUES ('210111', '苏家屯区', '210000', '210100');
INSERT INTO `t_zone` VALUES ('210112', '浑南区', '210000', '210100');
INSERT INTO `t_zone` VALUES ('210113', '沈北新区', '210000', '210100');
INSERT INTO `t_zone` VALUES ('210114', '于洪区', '210000', '210100');
INSERT INTO `t_zone` VALUES ('210115', '辽中区', '210000', '210100');
INSERT INTO `t_zone` VALUES ('210123', '康平县', '210000', '210100');
INSERT INTO `t_zone` VALUES ('210124', '法库县', '210000', '210100');
INSERT INTO `t_zone` VALUES ('210181', '新民市', '210000', '210100');
INSERT INTO `t_zone` VALUES ('210202', '中山区', '210000', '210200');
INSERT INTO `t_zone` VALUES ('210203', '西岗区', '210000', '210200');
INSERT INTO `t_zone` VALUES ('210204', '沙河口区', '210000', '210200');
INSERT INTO `t_zone` VALUES ('210211', '甘井子区', '210000', '210200');
INSERT INTO `t_zone` VALUES ('210212', '旅顺口区', '210000', '210200');
INSERT INTO `t_zone` VALUES ('210213', '金州区', '210000', '210200');
INSERT INTO `t_zone` VALUES ('210214', '普兰店区', '210000', '210200');
INSERT INTO `t_zone` VALUES ('210224', '长海县', '210000', '210200');
INSERT INTO `t_zone` VALUES ('210281', '瓦房店市', '210000', '210200');
INSERT INTO `t_zone` VALUES ('210283', '庄河市', '210000', '210200');
INSERT INTO `t_zone` VALUES ('210302', '铁东区', '210000', '210300');
INSERT INTO `t_zone` VALUES ('210303', '铁西区', '210000', '210300');
INSERT INTO `t_zone` VALUES ('210304', '立山区', '210000', '210300');
INSERT INTO `t_zone` VALUES ('210311', '千山区', '210000', '210300');
INSERT INTO `t_zone` VALUES ('210321', '台安县', '210000', '210300');
INSERT INTO `t_zone` VALUES ('210323', '岫岩满族自治县', '210000', '210300');
INSERT INTO `t_zone` VALUES ('210381', '海城市', '210000', '210300');
INSERT INTO `t_zone` VALUES ('210402', '新抚区', '210000', '210400');
INSERT INTO `t_zone` VALUES ('210403', '东洲区', '210000', '210400');
INSERT INTO `t_zone` VALUES ('210404', '望花区', '210000', '210400');
INSERT INTO `t_zone` VALUES ('210411', '顺城区', '210000', '210400');
INSERT INTO `t_zone` VALUES ('210421', '抚顺县', '210000', '210400');
INSERT INTO `t_zone` VALUES ('210422', '新宾满族自治县', '210000', '210400');
INSERT INTO `t_zone` VALUES ('210423', '清原满族自治县', '210000', '210400');
INSERT INTO `t_zone` VALUES ('210502', '平山区', '210000', '210500');
INSERT INTO `t_zone` VALUES ('210503', '溪湖区', '210000', '210500');
INSERT INTO `t_zone` VALUES ('210504', '明山区', '210000', '210500');
INSERT INTO `t_zone` VALUES ('210505', '南芬区', '210000', '210500');
INSERT INTO `t_zone` VALUES ('210521', '本溪满族自治县', '210000', '210500');
INSERT INTO `t_zone` VALUES ('210522', '桓仁满族自治县', '210000', '210500');
INSERT INTO `t_zone` VALUES ('210602', '元宝区', '210000', '210600');
INSERT INTO `t_zone` VALUES ('210603', '振兴区', '210000', '210600');
INSERT INTO `t_zone` VALUES ('210604', '振安区', '210000', '210600');
INSERT INTO `t_zone` VALUES ('210624', '宽甸满族自治县', '210000', '210600');
INSERT INTO `t_zone` VALUES ('210681', '东港市', '210000', '210600');
INSERT INTO `t_zone` VALUES ('210682', '凤城市', '210000', '210600');
INSERT INTO `t_zone` VALUES ('210702', '古塔区', '210000', '210700');
INSERT INTO `t_zone` VALUES ('210703', '凌河区', '210000', '210700');
INSERT INTO `t_zone` VALUES ('210711', '太和区', '210000', '210700');
INSERT INTO `t_zone` VALUES ('210726', '黑山县', '210000', '210700');
INSERT INTO `t_zone` VALUES ('210727', '义县', '210000', '210700');
INSERT INTO `t_zone` VALUES ('210781', '凌海市', '210000', '210700');
INSERT INTO `t_zone` VALUES ('210782', '北镇市', '210000', '210700');
INSERT INTO `t_zone` VALUES ('210802', '站前区', '210000', '210800');
INSERT INTO `t_zone` VALUES ('210803', '西市区', '210000', '210800');
INSERT INTO `t_zone` VALUES ('210804', '鲅鱼圈区', '210000', '210800');
INSERT INTO `t_zone` VALUES ('210811', '老边区', '210000', '210800');
INSERT INTO `t_zone` VALUES ('210881', '盖州市', '210000', '210800');
INSERT INTO `t_zone` VALUES ('210882', '大石桥市', '210000', '210800');
INSERT INTO `t_zone` VALUES ('210902', '海州区', '210000', '210900');
INSERT INTO `t_zone` VALUES ('210903', '新邱区', '210000', '210900');
INSERT INTO `t_zone` VALUES ('210904', '太平区', '210000', '210900');
INSERT INTO `t_zone` VALUES ('210905', '清河门区', '210000', '210900');
INSERT INTO `t_zone` VALUES ('210911', '细河区', '210000', '210900');
INSERT INTO `t_zone` VALUES ('210921', '阜新蒙古族自治县', '210000', '210900');
INSERT INTO `t_zone` VALUES ('210922', '彰武县', '210000', '210900');
INSERT INTO `t_zone` VALUES ('211002', '白塔区', '210000', '211000');
INSERT INTO `t_zone` VALUES ('211003', '文圣区', '210000', '211000');
INSERT INTO `t_zone` VALUES ('211004', '宏伟区', '210000', '211000');
INSERT INTO `t_zone` VALUES ('211005', '弓长岭区', '210000', '211000');
INSERT INTO `t_zone` VALUES ('211011', '太子河区', '210000', '211000');
INSERT INTO `t_zone` VALUES ('211021', '辽阳县', '210000', '211000');
INSERT INTO `t_zone` VALUES ('211081', '灯塔市', '210000', '211000');
INSERT INTO `t_zone` VALUES ('211102', '双台子区', '210000', '211100');
INSERT INTO `t_zone` VALUES ('211103', '兴隆台区', '210000', '211100');
INSERT INTO `t_zone` VALUES ('211104', '大洼区', '210000', '211100');
INSERT INTO `t_zone` VALUES ('211122', '盘山县', '210000', '211100');
INSERT INTO `t_zone` VALUES ('211202', '银州区', '210000', '211200');
INSERT INTO `t_zone` VALUES ('211204', '清河区', '210000', '211200');
INSERT INTO `t_zone` VALUES ('211221', '铁岭县', '210000', '211200');
INSERT INTO `t_zone` VALUES ('211223', '西丰县', '210000', '211200');
INSERT INTO `t_zone` VALUES ('211224', '昌图县', '210000', '211200');
INSERT INTO `t_zone` VALUES ('211281', '调兵山市', '210000', '211200');
INSERT INTO `t_zone` VALUES ('211282', '开原市', '210000', '211200');
INSERT INTO `t_zone` VALUES ('211302', '双塔区', '210000', '211300');
INSERT INTO `t_zone` VALUES ('211303', '龙城区', '210000', '211300');
INSERT INTO `t_zone` VALUES ('211321', '朝阳县', '210000', '211300');
INSERT INTO `t_zone` VALUES ('211322', '建平县', '210000', '211300');
INSERT INTO `t_zone` VALUES ('211324', '喀喇沁左翼蒙古族自治县', '210000', '211300');
INSERT INTO `t_zone` VALUES ('211381', '北票市', '210000', '211300');
INSERT INTO `t_zone` VALUES ('211382', '凌源市', '210000', '211300');
INSERT INTO `t_zone` VALUES ('211402', '连山区', '210000', '211400');
INSERT INTO `t_zone` VALUES ('211403', '龙港区', '210000', '211400');
INSERT INTO `t_zone` VALUES ('211404', '南票区', '210000', '211400');
INSERT INTO `t_zone` VALUES ('211421', '绥中县', '210000', '211400');
INSERT INTO `t_zone` VALUES ('211422', '建昌县', '210000', '211400');
INSERT INTO `t_zone` VALUES ('211481', '兴城市', '210000', '211400');
INSERT INTO `t_zone` VALUES ('220102', '南关区', '220000', '220100');
INSERT INTO `t_zone` VALUES ('220103', '宽城区', '220000', '220100');
INSERT INTO `t_zone` VALUES ('220104', '朝阳区', '220000', '220100');
INSERT INTO `t_zone` VALUES ('220105', '二道区', '220000', '220100');
INSERT INTO `t_zone` VALUES ('220106', '绿园区', '220000', '220100');
INSERT INTO `t_zone` VALUES ('220112', '双阳区', '220000', '220100');
INSERT INTO `t_zone` VALUES ('220113', '九台区', '220000', '220100');
INSERT INTO `t_zone` VALUES ('220122', '农安县', '220000', '220100');
INSERT INTO `t_zone` VALUES ('220182', '榆树市', '220000', '220100');
INSERT INTO `t_zone` VALUES ('220183', '德惠市', '220000', '220100');
INSERT INTO `t_zone` VALUES ('220202', '昌邑区', '220000', '220200');
INSERT INTO `t_zone` VALUES ('220203', '龙潭区', '220000', '220200');
INSERT INTO `t_zone` VALUES ('220204', '船营区', '220000', '220200');
INSERT INTO `t_zone` VALUES ('220211', '丰满区', '220000', '220200');
INSERT INTO `t_zone` VALUES ('220221', '永吉县', '220000', '220200');
INSERT INTO `t_zone` VALUES ('220281', '蛟河市', '220000', '220200');
INSERT INTO `t_zone` VALUES ('220282', '桦甸市', '220000', '220200');
INSERT INTO `t_zone` VALUES ('220283', '舒兰市', '220000', '220200');
INSERT INTO `t_zone` VALUES ('220284', '磐石市', '220000', '220200');
INSERT INTO `t_zone` VALUES ('220302', '铁西区', '220000', '220300');
INSERT INTO `t_zone` VALUES ('220303', '铁东区', '220000', '220300');
INSERT INTO `t_zone` VALUES ('220322', '梨树县', '220000', '220300');
INSERT INTO `t_zone` VALUES ('220323', '伊通满族自治县', '220000', '220300');
INSERT INTO `t_zone` VALUES ('220381', '公主岭市', '220000', '220300');
INSERT INTO `t_zone` VALUES ('220382', '双辽市', '220000', '220300');
INSERT INTO `t_zone` VALUES ('220402', '龙山区', '220000', '220400');
INSERT INTO `t_zone` VALUES ('220403', '西安区', '220000', '220400');
INSERT INTO `t_zone` VALUES ('220421', '东丰县', '220000', '220400');
INSERT INTO `t_zone` VALUES ('220422', '东辽县', '220000', '220400');
INSERT INTO `t_zone` VALUES ('220502', '东昌区', '220000', '220500');
INSERT INTO `t_zone` VALUES ('220503', '二道江区', '220000', '220500');
INSERT INTO `t_zone` VALUES ('220521', '通化县', '220000', '220500');
INSERT INTO `t_zone` VALUES ('220523', '辉南县', '220000', '220500');
INSERT INTO `t_zone` VALUES ('220524', '柳河县', '220000', '220500');
INSERT INTO `t_zone` VALUES ('220581', '梅河口市', '220000', '220500');
INSERT INTO `t_zone` VALUES ('220582', '集安市', '220000', '220500');
INSERT INTO `t_zone` VALUES ('220602', '浑江区', '220000', '220600');
INSERT INTO `t_zone` VALUES ('220605', '江源区', '220000', '220600');
INSERT INTO `t_zone` VALUES ('220621', '抚松县', '220000', '220600');
INSERT INTO `t_zone` VALUES ('220622', '靖宇县', '220000', '220600');
INSERT INTO `t_zone` VALUES ('220623', '长白朝鲜族自治县', '220000', '220600');
INSERT INTO `t_zone` VALUES ('220681', '临江市', '220000', '220600');
INSERT INTO `t_zone` VALUES ('220702', '宁江区', '220000', '220700');
INSERT INTO `t_zone` VALUES ('220721', '前郭尔罗斯蒙古族自治县', '220000', '220700');
INSERT INTO `t_zone` VALUES ('220722', '长岭县', '220000', '220700');
INSERT INTO `t_zone` VALUES ('220723', '乾安县', '220000', '220700');
INSERT INTO `t_zone` VALUES ('220781', '扶余市', '220000', '220700');
INSERT INTO `t_zone` VALUES ('220802', '洮北区', '220000', '220800');
INSERT INTO `t_zone` VALUES ('220821', '镇赉县', '220000', '220800');
INSERT INTO `t_zone` VALUES ('220822', '通榆县', '220000', '220800');
INSERT INTO `t_zone` VALUES ('220881', '洮南市', '220000', '220800');
INSERT INTO `t_zone` VALUES ('220882', '大安市', '220000', '220800');
INSERT INTO `t_zone` VALUES ('222401', '延吉市', '220000', '222400');
INSERT INTO `t_zone` VALUES ('222402', '图们市', '220000', '222400');
INSERT INTO `t_zone` VALUES ('222403', '敦化市', '220000', '222400');
INSERT INTO `t_zone` VALUES ('222404', '珲春市', '220000', '222400');
INSERT INTO `t_zone` VALUES ('222405', '龙井市', '220000', '222400');
INSERT INTO `t_zone` VALUES ('222406', '和龙市', '220000', '222400');
INSERT INTO `t_zone` VALUES ('222424', '汪清县', '220000', '222400');
INSERT INTO `t_zone` VALUES ('222426', '安图县', '220000', '222400');
INSERT INTO `t_zone` VALUES ('230102', '道里区', '230000', '230100');
INSERT INTO `t_zone` VALUES ('230103', '南岗区', '230000', '230100');
INSERT INTO `t_zone` VALUES ('230104', '道外区', '230000', '230100');
INSERT INTO `t_zone` VALUES ('230108', '平房区', '230000', '230100');
INSERT INTO `t_zone` VALUES ('230109', '松北区', '230000', '230100');
INSERT INTO `t_zone` VALUES ('230110', '香坊区', '230000', '230100');
INSERT INTO `t_zone` VALUES ('230111', '呼兰区', '230000', '230100');
INSERT INTO `t_zone` VALUES ('230112', '阿城区', '230000', '230100');
INSERT INTO `t_zone` VALUES ('230113', '双城区', '230000', '230100');
INSERT INTO `t_zone` VALUES ('230123', '依兰县', '230000', '230100');
INSERT INTO `t_zone` VALUES ('230124', '方正县', '230000', '230100');
INSERT INTO `t_zone` VALUES ('230125', '宾县', '230000', '230100');
INSERT INTO `t_zone` VALUES ('230126', '巴彦县', '230000', '230100');
INSERT INTO `t_zone` VALUES ('230127', '木兰县', '230000', '230100');
INSERT INTO `t_zone` VALUES ('230128', '通河县', '230000', '230100');
INSERT INTO `t_zone` VALUES ('230129', '延寿县', '230000', '230100');
INSERT INTO `t_zone` VALUES ('230183', '尚志市', '230000', '230100');
INSERT INTO `t_zone` VALUES ('230184', '五常市', '230000', '230100');
INSERT INTO `t_zone` VALUES ('230202', '龙沙区', '230000', '230200');
INSERT INTO `t_zone` VALUES ('230203', '建华区', '230000', '230200');
INSERT INTO `t_zone` VALUES ('230204', '铁锋区', '230000', '230200');
INSERT INTO `t_zone` VALUES ('230205', '昂昂溪区', '230000', '230200');
INSERT INTO `t_zone` VALUES ('230206', '富拉尔基区', '230000', '230200');
INSERT INTO `t_zone` VALUES ('230207', '碾子山区', '230000', '230200');
INSERT INTO `t_zone` VALUES ('230208', '梅里斯达斡尔族区', '230000', '230200');
INSERT INTO `t_zone` VALUES ('230221', '龙江县', '230000', '230200');
INSERT INTO `t_zone` VALUES ('230223', '依安县', '230000', '230200');
INSERT INTO `t_zone` VALUES ('230224', '泰来县', '230000', '230200');
INSERT INTO `t_zone` VALUES ('230225', '甘南县', '230000', '230200');
INSERT INTO `t_zone` VALUES ('230227', '富裕县', '230000', '230200');
INSERT INTO `t_zone` VALUES ('230229', '克山县', '230000', '230200');
INSERT INTO `t_zone` VALUES ('230230', '克东县', '230000', '230200');
INSERT INTO `t_zone` VALUES ('230231', '拜泉县', '230000', '230200');
INSERT INTO `t_zone` VALUES ('230281', '讷河市', '230000', '230200');
INSERT INTO `t_zone` VALUES ('230302', '鸡冠区', '230000', '230300');
INSERT INTO `t_zone` VALUES ('230303', '恒山区', '230000', '230300');
INSERT INTO `t_zone` VALUES ('230304', '滴道区', '230000', '230300');
INSERT INTO `t_zone` VALUES ('230305', '梨树区', '230000', '230300');
INSERT INTO `t_zone` VALUES ('230306', '城子河区', '230000', '230300');
INSERT INTO `t_zone` VALUES ('230307', '麻山区', '230000', '230300');
INSERT INTO `t_zone` VALUES ('230321', '鸡东县', '230000', '230300');
INSERT INTO `t_zone` VALUES ('230381', '虎林市', '230000', '230300');
INSERT INTO `t_zone` VALUES ('230382', '密山市', '230000', '230300');
INSERT INTO `t_zone` VALUES ('230402', '向阳区', '230000', '230400');
INSERT INTO `t_zone` VALUES ('230403', '工农区', '230000', '230400');
INSERT INTO `t_zone` VALUES ('230404', '南山区', '230000', '230400');
INSERT INTO `t_zone` VALUES ('230405', '兴安区', '230000', '230400');
INSERT INTO `t_zone` VALUES ('230406', '东山区', '230000', '230400');
INSERT INTO `t_zone` VALUES ('230407', '兴山区', '230000', '230400');
INSERT INTO `t_zone` VALUES ('230421', '萝北县', '230000', '230400');
INSERT INTO `t_zone` VALUES ('230422', '绥滨县', '230000', '230400');
INSERT INTO `t_zone` VALUES ('230502', '尖山区', '230000', '230500');
INSERT INTO `t_zone` VALUES ('230503', '岭东区', '230000', '230500');
INSERT INTO `t_zone` VALUES ('230505', '四方台区', '230000', '230500');
INSERT INTO `t_zone` VALUES ('230506', '宝山区', '230000', '230500');
INSERT INTO `t_zone` VALUES ('230521', '集贤县', '230000', '230500');
INSERT INTO `t_zone` VALUES ('230522', '友谊县', '230000', '230500');
INSERT INTO `t_zone` VALUES ('230523', '宝清县', '230000', '230500');
INSERT INTO `t_zone` VALUES ('230524', '饶河县', '230000', '230500');
INSERT INTO `t_zone` VALUES ('230602', '萨尔图区', '230000', '230600');
INSERT INTO `t_zone` VALUES ('230603', '龙凤区', '230000', '230600');
INSERT INTO `t_zone` VALUES ('230604', '让胡路区', '230000', '230600');
INSERT INTO `t_zone` VALUES ('230605', '红岗区', '230000', '230600');
INSERT INTO `t_zone` VALUES ('230606', '大同区', '230000', '230600');
INSERT INTO `t_zone` VALUES ('230621', '肇州县', '230000', '230600');
INSERT INTO `t_zone` VALUES ('230622', '肇源县', '230000', '230600');
INSERT INTO `t_zone` VALUES ('230623', '林甸县', '230000', '230600');
INSERT INTO `t_zone` VALUES ('230624', '杜尔伯特蒙古族自治县', '230000', '230600');
INSERT INTO `t_zone` VALUES ('230717', '伊美区', '230000', '230700');
INSERT INTO `t_zone` VALUES ('230718', '乌翠区', '230000', '230700');
INSERT INTO `t_zone` VALUES ('230719', '友好区', '230000', '230700');
INSERT INTO `t_zone` VALUES ('230722', '嘉荫县', '230000', '230700');
INSERT INTO `t_zone` VALUES ('230723', '汤旺县', '230000', '230700');
INSERT INTO `t_zone` VALUES ('230724', '丰林县', '230000', '230700');
INSERT INTO `t_zone` VALUES ('230725', '大箐山县', '230000', '230700');
INSERT INTO `t_zone` VALUES ('230726', '南岔县', '230000', '230700');
INSERT INTO `t_zone` VALUES ('230751', '金林区', '230000', '230700');
INSERT INTO `t_zone` VALUES ('230781', '铁力市', '230000', '230700');
INSERT INTO `t_zone` VALUES ('230803', '向阳区', '230000', '230800');
INSERT INTO `t_zone` VALUES ('230804', '前进区', '230000', '230800');
INSERT INTO `t_zone` VALUES ('230805', '东风区', '230000', '230800');
INSERT INTO `t_zone` VALUES ('230811', '郊区', '230000', '230800');
INSERT INTO `t_zone` VALUES ('230822', '桦南县', '230000', '230800');
INSERT INTO `t_zone` VALUES ('230826', '桦川县', '230000', '230800');
INSERT INTO `t_zone` VALUES ('230828', '汤原县', '230000', '230800');
INSERT INTO `t_zone` VALUES ('230881', '同江市', '230000', '230800');
INSERT INTO `t_zone` VALUES ('230882', '富锦市', '230000', '230800');
INSERT INTO `t_zone` VALUES ('230883', '抚远市', '230000', '230800');
INSERT INTO `t_zone` VALUES ('230902', '新兴区', '230000', '230900');
INSERT INTO `t_zone` VALUES ('230903', '桃山区', '230000', '230900');
INSERT INTO `t_zone` VALUES ('230904', '茄子河区', '230000', '230900');
INSERT INTO `t_zone` VALUES ('230921', '勃利县', '230000', '230900');
INSERT INTO `t_zone` VALUES ('231002', '东安区', '230000', '231000');
INSERT INTO `t_zone` VALUES ('231003', '阳明区', '230000', '231000');
INSERT INTO `t_zone` VALUES ('231004', '爱民区', '230000', '231000');
INSERT INTO `t_zone` VALUES ('231005', '西安区', '230000', '231000');
INSERT INTO `t_zone` VALUES ('231025', '林口县', '230000', '231000');
INSERT INTO `t_zone` VALUES ('231081', '绥芬河市', '230000', '231000');
INSERT INTO `t_zone` VALUES ('231083', '海林市', '230000', '231000');
INSERT INTO `t_zone` VALUES ('231084', '宁安市', '230000', '231000');
INSERT INTO `t_zone` VALUES ('231085', '穆棱市', '230000', '231000');
INSERT INTO `t_zone` VALUES ('231086', '东宁市', '230000', '231000');
INSERT INTO `t_zone` VALUES ('231102', '爱辉区', '230000', '231100');
INSERT INTO `t_zone` VALUES ('231123', '逊克县', '230000', '231100');
INSERT INTO `t_zone` VALUES ('231124', '孙吴县', '230000', '231100');
INSERT INTO `t_zone` VALUES ('231181', '北安市', '230000', '231100');
INSERT INTO `t_zone` VALUES ('231182', '五大连池市', '230000', '231100');
INSERT INTO `t_zone` VALUES ('231183', '嫩江市', '230000', '231100');
INSERT INTO `t_zone` VALUES ('231202', '北林区', '230000', '231200');
INSERT INTO `t_zone` VALUES ('231221', '望奎县', '230000', '231200');
INSERT INTO `t_zone` VALUES ('231222', '兰西县', '230000', '231200');
INSERT INTO `t_zone` VALUES ('231223', '青冈县', '230000', '231200');
INSERT INTO `t_zone` VALUES ('231224', '庆安县', '230000', '231200');
INSERT INTO `t_zone` VALUES ('231225', '明水县', '230000', '231200');
INSERT INTO `t_zone` VALUES ('231226', '绥棱县', '230000', '231200');
INSERT INTO `t_zone` VALUES ('231281', '安达市', '230000', '231200');
INSERT INTO `t_zone` VALUES ('231282', '肇东市', '230000', '231200');
INSERT INTO `t_zone` VALUES ('231283', '海伦市', '230000', '231200');
INSERT INTO `t_zone` VALUES ('232701', '漠河市', '230000', '232700');
INSERT INTO `t_zone` VALUES ('232721', '呼玛县', '230000', '232700');
INSERT INTO `t_zone` VALUES ('232722', '塔河县', '230000', '232700');
INSERT INTO `t_zone` VALUES ('310101', '黄浦区', '310000', '310100');
INSERT INTO `t_zone` VALUES ('310104', '徐汇区', '310000', '310100');
INSERT INTO `t_zone` VALUES ('310105', '长宁区', '310000', '310100');
INSERT INTO `t_zone` VALUES ('310106', '静安区', '310000', '310100');
INSERT INTO `t_zone` VALUES ('310107', '普陀区', '310000', '310100');
INSERT INTO `t_zone` VALUES ('310109', '虹口区', '310000', '310100');
INSERT INTO `t_zone` VALUES ('310110', '杨浦区', '310000', '310100');
INSERT INTO `t_zone` VALUES ('310112', '闵行区', '310000', '310100');
INSERT INTO `t_zone` VALUES ('310113', '宝山区', '310000', '310100');
INSERT INTO `t_zone` VALUES ('310114', '嘉定区', '310000', '310100');
INSERT INTO `t_zone` VALUES ('310115', '浦东新区', '310000', '310100');
INSERT INTO `t_zone` VALUES ('310116', '金山区', '310000', '310100');
INSERT INTO `t_zone` VALUES ('310117', '松江区', '310000', '310100');
INSERT INTO `t_zone` VALUES ('310118', '青浦区', '310000', '310100');
INSERT INTO `t_zone` VALUES ('310120', '奉贤区', '310000', '310100');
INSERT INTO `t_zone` VALUES ('310151', '崇明区', '310000', '310100');
INSERT INTO `t_zone` VALUES ('320102', '玄武区', '320000', '320100');
INSERT INTO `t_zone` VALUES ('320104', '秦淮区', '320000', '320100');
INSERT INTO `t_zone` VALUES ('320105', '建邺区', '320000', '320100');
INSERT INTO `t_zone` VALUES ('320106', '鼓楼区', '320000', '320100');
INSERT INTO `t_zone` VALUES ('320111', '浦口区', '320000', '320100');
INSERT INTO `t_zone` VALUES ('320113', '栖霞区', '320000', '320100');
INSERT INTO `t_zone` VALUES ('320114', '雨花台区', '320000', '320100');
INSERT INTO `t_zone` VALUES ('320115', '江宁区', '320000', '320100');
INSERT INTO `t_zone` VALUES ('320116', '六合区', '320000', '320100');
INSERT INTO `t_zone` VALUES ('320117', '溧水区', '320000', '320100');
INSERT INTO `t_zone` VALUES ('320118', '高淳区', '320000', '320100');
INSERT INTO `t_zone` VALUES ('320205', '锡山区', '320000', '320200');
INSERT INTO `t_zone` VALUES ('320206', '惠山区', '320000', '320200');
INSERT INTO `t_zone` VALUES ('320211', '滨湖区', '320000', '320200');
INSERT INTO `t_zone` VALUES ('320213', '梁溪区', '320000', '320200');
INSERT INTO `t_zone` VALUES ('320214', '新吴区', '320000', '320200');
INSERT INTO `t_zone` VALUES ('320281', '江阴市', '320000', '320200');
INSERT INTO `t_zone` VALUES ('320282', '宜兴市', '320000', '320200');
INSERT INTO `t_zone` VALUES ('320302', '鼓楼区', '320000', '320300');
INSERT INTO `t_zone` VALUES ('320303', '云龙区', '320000', '320300');
INSERT INTO `t_zone` VALUES ('320305', '贾汪区', '320000', '320300');
INSERT INTO `t_zone` VALUES ('320311', '泉山区', '320000', '320300');
INSERT INTO `t_zone` VALUES ('320312', '铜山区', '320000', '320300');
INSERT INTO `t_zone` VALUES ('320321', '丰县', '320000', '320300');
INSERT INTO `t_zone` VALUES ('320322', '沛县', '320000', '320300');
INSERT INTO `t_zone` VALUES ('320324', '睢宁县', '320000', '320300');
INSERT INTO `t_zone` VALUES ('320381', '新沂市', '320000', '320300');
INSERT INTO `t_zone` VALUES ('320382', '邳州市', '320000', '320300');
INSERT INTO `t_zone` VALUES ('320402', '天宁区', '320000', '320400');
INSERT INTO `t_zone` VALUES ('320404', '钟楼区', '320000', '320400');
INSERT INTO `t_zone` VALUES ('320411', '新北区', '320000', '320400');
INSERT INTO `t_zone` VALUES ('320412', '武进区', '320000', '320400');
INSERT INTO `t_zone` VALUES ('320413', '金坛区', '320000', '320400');
INSERT INTO `t_zone` VALUES ('320481', '溧阳市', '320000', '320400');
INSERT INTO `t_zone` VALUES ('320505', '虎丘区', '320000', '320500');
INSERT INTO `t_zone` VALUES ('320506', '吴中区', '320000', '320500');
INSERT INTO `t_zone` VALUES ('320507', '相城区', '320000', '320500');
INSERT INTO `t_zone` VALUES ('320508', '姑苏区', '320000', '320500');
INSERT INTO `t_zone` VALUES ('320509', '吴江区', '320000', '320500');
INSERT INTO `t_zone` VALUES ('320581', '常熟市', '320000', '320500');
INSERT INTO `t_zone` VALUES ('320582', '张家港市', '320000', '320500');
INSERT INTO `t_zone` VALUES ('320583', '昆山市', '320000', '320500');
INSERT INTO `t_zone` VALUES ('320585', '太仓市', '320000', '320500');
INSERT INTO `t_zone` VALUES ('320602', '崇川区', '320000', '320600');
INSERT INTO `t_zone` VALUES ('320611', '港闸区', '320000', '320600');
INSERT INTO `t_zone` VALUES ('320612', '通州区', '320000', '320600');
INSERT INTO `t_zone` VALUES ('320623', '如东县', '320000', '320600');
INSERT INTO `t_zone` VALUES ('320681', '启东市', '320000', '320600');
INSERT INTO `t_zone` VALUES ('320682', '如皋市', '320000', '320600');
INSERT INTO `t_zone` VALUES ('320684', '海门市', '320000', '320600');
INSERT INTO `t_zone` VALUES ('320685', '海安市', '320000', '320600');
INSERT INTO `t_zone` VALUES ('320703', '连云区', '320000', '320700');
INSERT INTO `t_zone` VALUES ('320706', '海州区', '320000', '320700');
INSERT INTO `t_zone` VALUES ('320707', '赣榆区', '320000', '320700');
INSERT INTO `t_zone` VALUES ('320722', '东海县', '320000', '320700');
INSERT INTO `t_zone` VALUES ('320723', '灌云县', '320000', '320700');
INSERT INTO `t_zone` VALUES ('320724', '灌南县', '320000', '320700');
INSERT INTO `t_zone` VALUES ('320803', '淮安区', '320000', '320800');
INSERT INTO `t_zone` VALUES ('320804', '淮阴区', '320000', '320800');
INSERT INTO `t_zone` VALUES ('320812', '清江浦区', '320000', '320800');
INSERT INTO `t_zone` VALUES ('320813', '洪泽区', '320000', '320800');
INSERT INTO `t_zone` VALUES ('320826', '涟水县', '320000', '320800');
INSERT INTO `t_zone` VALUES ('320830', '盱眙县', '320000', '320800');
INSERT INTO `t_zone` VALUES ('320831', '金湖县', '320000', '320800');
INSERT INTO `t_zone` VALUES ('320902', '亭湖区', '320000', '320900');
INSERT INTO `t_zone` VALUES ('320903', '盐都区', '320000', '320900');
INSERT INTO `t_zone` VALUES ('320904', '大丰区', '320000', '320900');
INSERT INTO `t_zone` VALUES ('320921', '响水县', '320000', '320900');
INSERT INTO `t_zone` VALUES ('320922', '滨海县', '320000', '320900');
INSERT INTO `t_zone` VALUES ('320923', '阜宁县', '320000', '320900');
INSERT INTO `t_zone` VALUES ('320924', '射阳县', '320000', '320900');
INSERT INTO `t_zone` VALUES ('320925', '建湖县', '320000', '320900');
INSERT INTO `t_zone` VALUES ('320981', '东台市', '320000', '320900');
INSERT INTO `t_zone` VALUES ('321002', '广陵区', '320000', '321000');
INSERT INTO `t_zone` VALUES ('321003', '邗江区', '320000', '321000');
INSERT INTO `t_zone` VALUES ('321012', '江都区', '320000', '321000');
INSERT INTO `t_zone` VALUES ('321023', '宝应县', '320000', '321000');
INSERT INTO `t_zone` VALUES ('321081', '仪征市', '320000', '321000');
INSERT INTO `t_zone` VALUES ('321084', '高邮市', '320000', '321000');
INSERT INTO `t_zone` VALUES ('321102', '京口区', '320000', '321100');
INSERT INTO `t_zone` VALUES ('321111', '润州区', '320000', '321100');
INSERT INTO `t_zone` VALUES ('321112', '丹徒区', '320000', '321100');
INSERT INTO `t_zone` VALUES ('321181', '丹阳市', '320000', '321100');
INSERT INTO `t_zone` VALUES ('321182', '扬中市', '320000', '321100');
INSERT INTO `t_zone` VALUES ('321183', '句容市', '320000', '321100');
INSERT INTO `t_zone` VALUES ('321202', '海陵区', '320000', '321200');
INSERT INTO `t_zone` VALUES ('321203', '高港区', '320000', '321200');
INSERT INTO `t_zone` VALUES ('321204', '姜堰区', '320000', '321200');
INSERT INTO `t_zone` VALUES ('321281', '兴化市', '320000', '321200');
INSERT INTO `t_zone` VALUES ('321282', '靖江市', '320000', '321200');
INSERT INTO `t_zone` VALUES ('321283', '泰兴市', '320000', '321200');
INSERT INTO `t_zone` VALUES ('321302', '宿城区', '320000', '321300');
INSERT INTO `t_zone` VALUES ('321311', '宿豫区', '320000', '321300');
INSERT INTO `t_zone` VALUES ('321322', '沭阳县', '320000', '321300');
INSERT INTO `t_zone` VALUES ('321323', '泗阳县', '320000', '321300');
INSERT INTO `t_zone` VALUES ('321324', '泗洪县', '320000', '321300');
INSERT INTO `t_zone` VALUES ('330102', '上城区', '330000', '330100');
INSERT INTO `t_zone` VALUES ('330103', '下城区', '330000', '330100');
INSERT INTO `t_zone` VALUES ('330104', '江干区', '330000', '330100');
INSERT INTO `t_zone` VALUES ('330105', '拱墅区', '330000', '330100');
INSERT INTO `t_zone` VALUES ('330106', '西湖区', '330000', '330100');
INSERT INTO `t_zone` VALUES ('330108', '滨江区', '330000', '330100');
INSERT INTO `t_zone` VALUES ('330109', '萧山区', '330000', '330100');
INSERT INTO `t_zone` VALUES ('330110', '余杭区', '330000', '330100');
INSERT INTO `t_zone` VALUES ('330111', '富阳区', '330000', '330100');
INSERT INTO `t_zone` VALUES ('330112', '临安区', '330000', '330100');
INSERT INTO `t_zone` VALUES ('330122', '桐庐县', '330000', '330100');
INSERT INTO `t_zone` VALUES ('330127', '淳安县', '330000', '330100');
INSERT INTO `t_zone` VALUES ('330182', '建德市', '330000', '330100');
INSERT INTO `t_zone` VALUES ('330203', '海曙区', '330000', '330200');
INSERT INTO `t_zone` VALUES ('330205', '江北区', '330000', '330200');
INSERT INTO `t_zone` VALUES ('330206', '北仑区', '330000', '330200');
INSERT INTO `t_zone` VALUES ('330211', '镇海区', '330000', '330200');
INSERT INTO `t_zone` VALUES ('330212', '鄞州区', '330000', '330200');
INSERT INTO `t_zone` VALUES ('330213', '奉化区', '330000', '330200');
INSERT INTO `t_zone` VALUES ('330225', '象山县', '330000', '330200');
INSERT INTO `t_zone` VALUES ('330226', '宁海县', '330000', '330200');
INSERT INTO `t_zone` VALUES ('330281', '余姚市', '330000', '330200');
INSERT INTO `t_zone` VALUES ('330282', '慈溪市', '330000', '330200');
INSERT INTO `t_zone` VALUES ('330302', '鹿城区', '330000', '330300');
INSERT INTO `t_zone` VALUES ('330303', '龙湾区', '330000', '330300');
INSERT INTO `t_zone` VALUES ('330304', '瓯海区', '330000', '330300');
INSERT INTO `t_zone` VALUES ('330305', '洞头区', '330000', '330300');
INSERT INTO `t_zone` VALUES ('330324', '永嘉县', '330000', '330300');
INSERT INTO `t_zone` VALUES ('330326', '平阳县', '330000', '330300');
INSERT INTO `t_zone` VALUES ('330327', '苍南县', '330000', '330300');
INSERT INTO `t_zone` VALUES ('330328', '文成县', '330000', '330300');
INSERT INTO `t_zone` VALUES ('330329', '泰顺县', '330000', '330300');
INSERT INTO `t_zone` VALUES ('330381', '瑞安市', '330000', '330300');
INSERT INTO `t_zone` VALUES ('330382', '乐清市', '330000', '330300');
INSERT INTO `t_zone` VALUES ('330383', '龙港市', '330000', '330300');
INSERT INTO `t_zone` VALUES ('330402', '南湖区', '330000', '330400');
INSERT INTO `t_zone` VALUES ('330411', '秀洲区', '330000', '330400');
INSERT INTO `t_zone` VALUES ('330421', '嘉善县', '330000', '330400');
INSERT INTO `t_zone` VALUES ('330424', '海盐县', '330000', '330400');
INSERT INTO `t_zone` VALUES ('330481', '海宁市', '330000', '330400');
INSERT INTO `t_zone` VALUES ('330482', '平湖市', '330000', '330400');
INSERT INTO `t_zone` VALUES ('330483', '桐乡市', '330000', '330400');
INSERT INTO `t_zone` VALUES ('330502', '吴兴区', '330000', '330500');
INSERT INTO `t_zone` VALUES ('330503', '南浔区', '330000', '330500');
INSERT INTO `t_zone` VALUES ('330521', '德清县', '330000', '330500');
INSERT INTO `t_zone` VALUES ('330522', '长兴县', '330000', '330500');
INSERT INTO `t_zone` VALUES ('330523', '安吉县', '330000', '330500');
INSERT INTO `t_zone` VALUES ('330602', '越城区', '330000', '330600');
INSERT INTO `t_zone` VALUES ('330603', '柯桥区', '330000', '330600');
INSERT INTO `t_zone` VALUES ('330604', '上虞区', '330000', '330600');
INSERT INTO `t_zone` VALUES ('330624', '新昌县', '330000', '330600');
INSERT INTO `t_zone` VALUES ('330681', '诸暨市', '330000', '330600');
INSERT INTO `t_zone` VALUES ('330683', '嵊州市', '330000', '330600');
INSERT INTO `t_zone` VALUES ('330702', '婺城区', '330000', '330700');
INSERT INTO `t_zone` VALUES ('330703', '金东区', '330000', '330700');
INSERT INTO `t_zone` VALUES ('330723', '武义县', '330000', '330700');
INSERT INTO `t_zone` VALUES ('330726', '浦江县', '330000', '330700');
INSERT INTO `t_zone` VALUES ('330727', '磐安县', '330000', '330700');
INSERT INTO `t_zone` VALUES ('330781', '兰溪市', '330000', '330700');
INSERT INTO `t_zone` VALUES ('330782', '义乌市', '330000', '330700');
INSERT INTO `t_zone` VALUES ('330783', '东阳市', '330000', '330700');
INSERT INTO `t_zone` VALUES ('330784', '永康市', '330000', '330700');
INSERT INTO `t_zone` VALUES ('330802', '柯城区', '330000', '330800');
INSERT INTO `t_zone` VALUES ('330803', '衢江区', '330000', '330800');
INSERT INTO `t_zone` VALUES ('330822', '常山县', '330000', '330800');
INSERT INTO `t_zone` VALUES ('330824', '开化县', '330000', '330800');
INSERT INTO `t_zone` VALUES ('330825', '龙游县', '330000', '330800');
INSERT INTO `t_zone` VALUES ('330881', '江山市', '330000', '330800');
INSERT INTO `t_zone` VALUES ('330902', '定海区', '330000', '330900');
INSERT INTO `t_zone` VALUES ('330903', '普陀区', '330000', '330900');
INSERT INTO `t_zone` VALUES ('330921', '岱山县', '330000', '330900');
INSERT INTO `t_zone` VALUES ('330922', '嵊泗县', '330000', '330900');
INSERT INTO `t_zone` VALUES ('331002', '椒江区', '330000', '331000');
INSERT INTO `t_zone` VALUES ('331003', '黄岩区', '330000', '331000');
INSERT INTO `t_zone` VALUES ('331004', '路桥区', '330000', '331000');
INSERT INTO `t_zone` VALUES ('331022', '三门县', '330000', '331000');
INSERT INTO `t_zone` VALUES ('331023', '天台县', '330000', '331000');
INSERT INTO `t_zone` VALUES ('331024', '仙居县', '330000', '331000');
INSERT INTO `t_zone` VALUES ('331081', '温岭市', '330000', '331000');
INSERT INTO `t_zone` VALUES ('331082', '临海市', '330000', '331000');
INSERT INTO `t_zone` VALUES ('331083', '玉环市', '330000', '331000');
INSERT INTO `t_zone` VALUES ('331102', '莲都区', '330000', '331100');
INSERT INTO `t_zone` VALUES ('331121', '青田县', '330000', '331100');
INSERT INTO `t_zone` VALUES ('331122', '缙云县', '330000', '331100');
INSERT INTO `t_zone` VALUES ('331123', '遂昌县', '330000', '331100');
INSERT INTO `t_zone` VALUES ('331124', '松阳县', '330000', '331100');
INSERT INTO `t_zone` VALUES ('331125', '云和县', '330000', '331100');
INSERT INTO `t_zone` VALUES ('331126', '庆元县', '330000', '331100');
INSERT INTO `t_zone` VALUES ('331127', '景宁畲族自治县', '330000', '331100');
INSERT INTO `t_zone` VALUES ('331181', '龙泉市', '330000', '331100');
INSERT INTO `t_zone` VALUES ('340102', '瑶海区', '340000', '340100');
INSERT INTO `t_zone` VALUES ('340103', '庐阳区', '340000', '340100');
INSERT INTO `t_zone` VALUES ('340104', '蜀山区', '340000', '340100');
INSERT INTO `t_zone` VALUES ('340111', '包河区', '340000', '340100');
INSERT INTO `t_zone` VALUES ('340121', '长丰县', '340000', '340100');
INSERT INTO `t_zone` VALUES ('340122', '肥东县', '340000', '340100');
INSERT INTO `t_zone` VALUES ('340123', '肥西县', '340000', '340100');
INSERT INTO `t_zone` VALUES ('340124', '庐江县', '340000', '340100');
INSERT INTO `t_zone` VALUES ('340181', '巢湖市', '340000', '340100');
INSERT INTO `t_zone` VALUES ('340202', '镜湖区', '340000', '340200');
INSERT INTO `t_zone` VALUES ('340203', '弋江区', '340000', '340200');
INSERT INTO `t_zone` VALUES ('340207', '鸠江区', '340000', '340200');
INSERT INTO `t_zone` VALUES ('340208', '三山区', '340000', '340200');
INSERT INTO `t_zone` VALUES ('340221', '芜湖县', '340000', '340200');
INSERT INTO `t_zone` VALUES ('340222', '繁昌县', '340000', '340200');
INSERT INTO `t_zone` VALUES ('340223', '南陵县', '340000', '340200');
INSERT INTO `t_zone` VALUES ('340281', '无为市', '340000', '340200');
INSERT INTO `t_zone` VALUES ('340302', '龙子湖区', '340000', '340300');
INSERT INTO `t_zone` VALUES ('340303', '蚌山区', '340000', '340300');
INSERT INTO `t_zone` VALUES ('340304', '禹会区', '340000', '340300');
INSERT INTO `t_zone` VALUES ('340311', '淮上区', '340000', '340300');
INSERT INTO `t_zone` VALUES ('340321', '怀远县', '340000', '340300');
INSERT INTO `t_zone` VALUES ('340322', '五河县', '340000', '340300');
INSERT INTO `t_zone` VALUES ('340323', '固镇县', '340000', '340300');
INSERT INTO `t_zone` VALUES ('340402', '大通区', '340000', '340400');
INSERT INTO `t_zone` VALUES ('340403', '田家庵区', '340000', '340400');
INSERT INTO `t_zone` VALUES ('340404', '谢家集区', '340000', '340400');
INSERT INTO `t_zone` VALUES ('340405', '八公山区', '340000', '340400');
INSERT INTO `t_zone` VALUES ('340406', '潘集区', '340000', '340400');
INSERT INTO `t_zone` VALUES ('340421', '凤台县', '340000', '340400');
INSERT INTO `t_zone` VALUES ('340422', '寿县', '340000', '340400');
INSERT INTO `t_zone` VALUES ('340503', '花山区', '340000', '340500');
INSERT INTO `t_zone` VALUES ('340504', '雨山区', '340000', '340500');
INSERT INTO `t_zone` VALUES ('340506', '博望区', '340000', '340500');
INSERT INTO `t_zone` VALUES ('340521', '当涂县', '340000', '340500');
INSERT INTO `t_zone` VALUES ('340522', '含山县', '340000', '340500');
INSERT INTO `t_zone` VALUES ('340523', '和县', '340000', '340500');
INSERT INTO `t_zone` VALUES ('340602', '杜集区', '340000', '340600');
INSERT INTO `t_zone` VALUES ('340603', '相山区', '340000', '340600');
INSERT INTO `t_zone` VALUES ('340604', '烈山区', '340000', '340600');
INSERT INTO `t_zone` VALUES ('340621', '濉溪县', '340000', '340600');
INSERT INTO `t_zone` VALUES ('340705', '铜官区', '340000', '340700');
INSERT INTO `t_zone` VALUES ('340706', '义安区', '340000', '340700');
INSERT INTO `t_zone` VALUES ('340711', '郊区', '340000', '340700');
INSERT INTO `t_zone` VALUES ('340722', '枞阳县', '340000', '340700');
INSERT INTO `t_zone` VALUES ('340802', '迎江区', '340000', '340800');
INSERT INTO `t_zone` VALUES ('340803', '大观区', '340000', '340800');
INSERT INTO `t_zone` VALUES ('340811', '宜秀区', '340000', '340800');
INSERT INTO `t_zone` VALUES ('340822', '怀宁县', '340000', '340800');
INSERT INTO `t_zone` VALUES ('340825', '太湖县', '340000', '340800');
INSERT INTO `t_zone` VALUES ('340826', '宿松县', '340000', '340800');
INSERT INTO `t_zone` VALUES ('340827', '望江县', '340000', '340800');
INSERT INTO `t_zone` VALUES ('340828', '岳西县', '340000', '340800');
INSERT INTO `t_zone` VALUES ('340881', '桐城市', '340000', '340800');
INSERT INTO `t_zone` VALUES ('340882', '潜山市', '340000', '340800');
INSERT INTO `t_zone` VALUES ('341002', '屯溪区', '340000', '341000');
INSERT INTO `t_zone` VALUES ('341003', '黄山区', '340000', '341000');
INSERT INTO `t_zone` VALUES ('341004', '徽州区', '340000', '341000');
INSERT INTO `t_zone` VALUES ('341021', '歙县', '340000', '341000');
INSERT INTO `t_zone` VALUES ('341022', '休宁县', '340000', '341000');
INSERT INTO `t_zone` VALUES ('341023', '黟县', '340000', '341000');
INSERT INTO `t_zone` VALUES ('341024', '祁门县', '340000', '341000');
INSERT INTO `t_zone` VALUES ('341102', '琅琊区', '340000', '341100');
INSERT INTO `t_zone` VALUES ('341103', '南谯区', '340000', '341100');
INSERT INTO `t_zone` VALUES ('341122', '来安县', '340000', '341100');
INSERT INTO `t_zone` VALUES ('341124', '全椒县', '340000', '341100');
INSERT INTO `t_zone` VALUES ('341125', '定远县', '340000', '341100');
INSERT INTO `t_zone` VALUES ('341126', '凤阳县', '340000', '341100');
INSERT INTO `t_zone` VALUES ('341181', '天长市', '340000', '341100');
INSERT INTO `t_zone` VALUES ('341182', '明光市', '340000', '341100');
INSERT INTO `t_zone` VALUES ('341202', '颍州区', '340000', '341200');
INSERT INTO `t_zone` VALUES ('341203', '颍东区', '340000', '341200');
INSERT INTO `t_zone` VALUES ('341204', '颍泉区', '340000', '341200');
INSERT INTO `t_zone` VALUES ('341221', '临泉县', '340000', '341200');
INSERT INTO `t_zone` VALUES ('341222', '太和县', '340000', '341200');
INSERT INTO `t_zone` VALUES ('341225', '阜南县', '340000', '341200');
INSERT INTO `t_zone` VALUES ('341226', '颍上县', '340000', '341200');
INSERT INTO `t_zone` VALUES ('341282', '界首市', '340000', '341200');
INSERT INTO `t_zone` VALUES ('341302', '埇桥区', '340000', '341300');
INSERT INTO `t_zone` VALUES ('341321', '砀山县', '340000', '341300');
INSERT INTO `t_zone` VALUES ('341322', '萧县', '340000', '341300');
INSERT INTO `t_zone` VALUES ('341323', '灵璧县', '340000', '341300');
INSERT INTO `t_zone` VALUES ('341324', '泗县', '340000', '341300');
INSERT INTO `t_zone` VALUES ('341502', '金安区', '340000', '341500');
INSERT INTO `t_zone` VALUES ('341503', '裕安区', '340000', '341500');
INSERT INTO `t_zone` VALUES ('341504', '叶集区', '340000', '341500');
INSERT INTO `t_zone` VALUES ('341522', '霍邱县', '340000', '341500');
INSERT INTO `t_zone` VALUES ('341523', '舒城县', '340000', '341500');
INSERT INTO `t_zone` VALUES ('341524', '金寨县', '340000', '341500');
INSERT INTO `t_zone` VALUES ('341525', '霍山县', '340000', '341500');
INSERT INTO `t_zone` VALUES ('341602', '谯城区', '340000', '341600');
INSERT INTO `t_zone` VALUES ('341621', '涡阳县', '340000', '341600');
INSERT INTO `t_zone` VALUES ('341622', '蒙城县', '340000', '341600');
INSERT INTO `t_zone` VALUES ('341623', '利辛县', '340000', '341600');
INSERT INTO `t_zone` VALUES ('341702', '贵池区', '340000', '341700');
INSERT INTO `t_zone` VALUES ('341721', '东至县', '340000', '341700');
INSERT INTO `t_zone` VALUES ('341722', '石台县', '340000', '341700');
INSERT INTO `t_zone` VALUES ('341723', '青阳县', '340000', '341700');
INSERT INTO `t_zone` VALUES ('341802', '宣州区', '340000', '341800');
INSERT INTO `t_zone` VALUES ('341821', '郎溪县', '340000', '341800');
INSERT INTO `t_zone` VALUES ('341823', '泾县', '340000', '341800');
INSERT INTO `t_zone` VALUES ('341824', '绩溪县', '340000', '341800');
INSERT INTO `t_zone` VALUES ('341825', '旌德县', '340000', '341800');
INSERT INTO `t_zone` VALUES ('341881', '宁国市', '340000', '341800');
INSERT INTO `t_zone` VALUES ('341882', '广德市', '340000', '341800');
INSERT INTO `t_zone` VALUES ('350102', '鼓楼区', '350000', '350100');
INSERT INTO `t_zone` VALUES ('350103', '台江区', '350000', '350100');
INSERT INTO `t_zone` VALUES ('350104', '仓山区', '350000', '350100');
INSERT INTO `t_zone` VALUES ('350105', '马尾区', '350000', '350100');
INSERT INTO `t_zone` VALUES ('350111', '晋安区', '350000', '350100');
INSERT INTO `t_zone` VALUES ('350112', '长乐区', '350000', '350100');
INSERT INTO `t_zone` VALUES ('350121', '闽侯县', '350000', '350100');
INSERT INTO `t_zone` VALUES ('350122', '连江县', '350000', '350100');
INSERT INTO `t_zone` VALUES ('350123', '罗源县', '350000', '350100');
INSERT INTO `t_zone` VALUES ('350124', '闽清县', '350000', '350100');
INSERT INTO `t_zone` VALUES ('350125', '永泰县', '350000', '350100');
INSERT INTO `t_zone` VALUES ('350128', '平潭县', '350000', '350100');
INSERT INTO `t_zone` VALUES ('350181', '福清市', '350000', '350100');
INSERT INTO `t_zone` VALUES ('350203', '思明区', '350000', '350200');
INSERT INTO `t_zone` VALUES ('350205', '海沧区', '350000', '350200');
INSERT INTO `t_zone` VALUES ('350206', '湖里区', '350000', '350200');
INSERT INTO `t_zone` VALUES ('350211', '集美区', '350000', '350200');
INSERT INTO `t_zone` VALUES ('350212', '同安区', '350000', '350200');
INSERT INTO `t_zone` VALUES ('350213', '翔安区', '350000', '350200');
INSERT INTO `t_zone` VALUES ('350302', '城厢区', '350000', '350300');
INSERT INTO `t_zone` VALUES ('350303', '涵江区', '350000', '350300');
INSERT INTO `t_zone` VALUES ('350304', '荔城区', '350000', '350300');
INSERT INTO `t_zone` VALUES ('350305', '秀屿区', '350000', '350300');
INSERT INTO `t_zone` VALUES ('350322', '仙游县', '350000', '350300');
INSERT INTO `t_zone` VALUES ('350402', '梅列区', '350000', '350400');
INSERT INTO `t_zone` VALUES ('350403', '三元区', '350000', '350400');
INSERT INTO `t_zone` VALUES ('350421', '明溪县', '350000', '350400');
INSERT INTO `t_zone` VALUES ('350423', '清流县', '350000', '350400');
INSERT INTO `t_zone` VALUES ('350424', '宁化县', '350000', '350400');
INSERT INTO `t_zone` VALUES ('350425', '大田县', '350000', '350400');
INSERT INTO `t_zone` VALUES ('350426', '尤溪县', '350000', '350400');
INSERT INTO `t_zone` VALUES ('350427', '沙县', '350000', '350400');
INSERT INTO `t_zone` VALUES ('350428', '将乐县', '350000', '350400');
INSERT INTO `t_zone` VALUES ('350429', '泰宁县', '350000', '350400');
INSERT INTO `t_zone` VALUES ('350430', '建宁县', '350000', '350400');
INSERT INTO `t_zone` VALUES ('350481', '永安市', '350000', '350400');
INSERT INTO `t_zone` VALUES ('350502', '鲤城区', '350000', '350500');
INSERT INTO `t_zone` VALUES ('350503', '丰泽区', '350000', '350500');
INSERT INTO `t_zone` VALUES ('350504', '洛江区', '350000', '350500');
INSERT INTO `t_zone` VALUES ('350505', '泉港区', '350000', '350500');
INSERT INTO `t_zone` VALUES ('350521', '惠安县', '350000', '350500');
INSERT INTO `t_zone` VALUES ('350524', '安溪县', '350000', '350500');
INSERT INTO `t_zone` VALUES ('350525', '永春县', '350000', '350500');
INSERT INTO `t_zone` VALUES ('350526', '德化县', '350000', '350500');
INSERT INTO `t_zone` VALUES ('350527', '金门县', '350000', '350500');
INSERT INTO `t_zone` VALUES ('350581', '石狮市', '350000', '350500');
INSERT INTO `t_zone` VALUES ('350582', '晋江市', '350000', '350500');
INSERT INTO `t_zone` VALUES ('350583', '南安市', '350000', '350500');
INSERT INTO `t_zone` VALUES ('350602', '芗城区', '350000', '350600');
INSERT INTO `t_zone` VALUES ('350603', '龙文区', '350000', '350600');
INSERT INTO `t_zone` VALUES ('350622', '云霄县', '350000', '350600');
INSERT INTO `t_zone` VALUES ('350623', '漳浦县', '350000', '350600');
INSERT INTO `t_zone` VALUES ('350624', '诏安县', '350000', '350600');
INSERT INTO `t_zone` VALUES ('350625', '长泰县', '350000', '350600');
INSERT INTO `t_zone` VALUES ('350626', '东山县', '350000', '350600');
INSERT INTO `t_zone` VALUES ('350627', '南靖县', '350000', '350600');
INSERT INTO `t_zone` VALUES ('350628', '平和县', '350000', '350600');
INSERT INTO `t_zone` VALUES ('350629', '华安县', '350000', '350600');
INSERT INTO `t_zone` VALUES ('350681', '龙海市', '350000', '350600');
INSERT INTO `t_zone` VALUES ('350702', '延平区', '350000', '350700');
INSERT INTO `t_zone` VALUES ('350703', '建阳区', '350000', '350700');
INSERT INTO `t_zone` VALUES ('350721', '顺昌县', '350000', '350700');
INSERT INTO `t_zone` VALUES ('350722', '浦城县', '350000', '350700');
INSERT INTO `t_zone` VALUES ('350723', '光泽县', '350000', '350700');
INSERT INTO `t_zone` VALUES ('350724', '松溪县', '350000', '350700');
INSERT INTO `t_zone` VALUES ('350725', '政和县', '350000', '350700');
INSERT INTO `t_zone` VALUES ('350781', '邵武市', '350000', '350700');
INSERT INTO `t_zone` VALUES ('350782', '武夷山市', '350000', '350700');
INSERT INTO `t_zone` VALUES ('350783', '建瓯市', '350000', '350700');
INSERT INTO `t_zone` VALUES ('350802', '新罗区', '350000', '350800');
INSERT INTO `t_zone` VALUES ('350803', '永定区', '350000', '350800');
INSERT INTO `t_zone` VALUES ('350821', '长汀县', '350000', '350800');
INSERT INTO `t_zone` VALUES ('350823', '上杭县', '350000', '350800');
INSERT INTO `t_zone` VALUES ('350824', '武平县', '350000', '350800');
INSERT INTO `t_zone` VALUES ('350825', '连城县', '350000', '350800');
INSERT INTO `t_zone` VALUES ('350881', '漳平市', '350000', '350800');
INSERT INTO `t_zone` VALUES ('350902', '蕉城区', '350000', '350900');
INSERT INTO `t_zone` VALUES ('350921', '霞浦县', '350000', '350900');
INSERT INTO `t_zone` VALUES ('350922', '古田县', '350000', '350900');
INSERT INTO `t_zone` VALUES ('350923', '屏南县', '350000', '350900');
INSERT INTO `t_zone` VALUES ('350924', '寿宁县', '350000', '350900');
INSERT INTO `t_zone` VALUES ('350925', '周宁县', '350000', '350900');
INSERT INTO `t_zone` VALUES ('350926', '柘荣县', '350000', '350900');
INSERT INTO `t_zone` VALUES ('350981', '福安市', '350000', '350900');
INSERT INTO `t_zone` VALUES ('350982', '福鼎市', '350000', '350900');
INSERT INTO `t_zone` VALUES ('360102', '东湖区', '360000', '360100');
INSERT INTO `t_zone` VALUES ('360103', '西湖区', '360000', '360100');
INSERT INTO `t_zone` VALUES ('360104', '青云谱区', '360000', '360100');
INSERT INTO `t_zone` VALUES ('360111', '青山湖区', '360000', '360100');
INSERT INTO `t_zone` VALUES ('360112', '新建区', '360000', '360100');
INSERT INTO `t_zone` VALUES ('360113', '红谷滩区', '360000', '360100');
INSERT INTO `t_zone` VALUES ('360121', '南昌县', '360000', '360100');
INSERT INTO `t_zone` VALUES ('360123', '安义县', '360000', '360100');
INSERT INTO `t_zone` VALUES ('360124', '进贤县', '360000', '360100');
INSERT INTO `t_zone` VALUES ('360202', '昌江区', '360000', '360200');
INSERT INTO `t_zone` VALUES ('360203', '珠山区', '360000', '360200');
INSERT INTO `t_zone` VALUES ('360222', '浮梁县', '360000', '360200');
INSERT INTO `t_zone` VALUES ('360281', '乐平市', '360000', '360200');
INSERT INTO `t_zone` VALUES ('360302', '安源区', '360000', '360300');
INSERT INTO `t_zone` VALUES ('360313', '湘东区', '360000', '360300');
INSERT INTO `t_zone` VALUES ('360321', '莲花县', '360000', '360300');
INSERT INTO `t_zone` VALUES ('360322', '上栗县', '360000', '360300');
INSERT INTO `t_zone` VALUES ('360323', '芦溪县', '360000', '360300');
INSERT INTO `t_zone` VALUES ('360402', '濂溪区', '360000', '360400');
INSERT INTO `t_zone` VALUES ('360403', '浔阳区', '360000', '360400');
INSERT INTO `t_zone` VALUES ('360404', '柴桑区', '360000', '360400');
INSERT INTO `t_zone` VALUES ('360423', '武宁县', '360000', '360400');
INSERT INTO `t_zone` VALUES ('360424', '修水县', '360000', '360400');
INSERT INTO `t_zone` VALUES ('360425', '永修县', '360000', '360400');
INSERT INTO `t_zone` VALUES ('360426', '德安县', '360000', '360400');
INSERT INTO `t_zone` VALUES ('360428', '都昌县', '360000', '360400');
INSERT INTO `t_zone` VALUES ('360429', '湖口县', '360000', '360400');
INSERT INTO `t_zone` VALUES ('360430', '彭泽县', '360000', '360400');
INSERT INTO `t_zone` VALUES ('360481', '瑞昌市', '360000', '360400');
INSERT INTO `t_zone` VALUES ('360482', '共青城市', '360000', '360400');
INSERT INTO `t_zone` VALUES ('360483', '庐山市', '360000', '360400');
INSERT INTO `t_zone` VALUES ('360502', '渝水区', '360000', '360500');
INSERT INTO `t_zone` VALUES ('360521', '分宜县', '360000', '360500');
INSERT INTO `t_zone` VALUES ('360602', '月湖区', '360000', '360600');
INSERT INTO `t_zone` VALUES ('360603', '余江区', '360000', '360600');
INSERT INTO `t_zone` VALUES ('360681', '贵溪市', '360000', '360600');
INSERT INTO `t_zone` VALUES ('360702', '章贡区', '360000', '360700');
INSERT INTO `t_zone` VALUES ('360703', '南康区', '360000', '360700');
INSERT INTO `t_zone` VALUES ('360704', '赣县区', '360000', '360700');
INSERT INTO `t_zone` VALUES ('360722', '信丰县', '360000', '360700');
INSERT INTO `t_zone` VALUES ('360723', '大余县', '360000', '360700');
INSERT INTO `t_zone` VALUES ('360724', '上犹县', '360000', '360700');
INSERT INTO `t_zone` VALUES ('360725', '崇义县', '360000', '360700');
INSERT INTO `t_zone` VALUES ('360726', '安远县', '360000', '360700');
INSERT INTO `t_zone` VALUES ('360727', '龙南县', '360000', '360700');
INSERT INTO `t_zone` VALUES ('360728', '定南县', '360000', '360700');
INSERT INTO `t_zone` VALUES ('360729', '全南县', '360000', '360700');
INSERT INTO `t_zone` VALUES ('360730', '宁都县', '360000', '360700');
INSERT INTO `t_zone` VALUES ('360731', '于都县', '360000', '360700');
INSERT INTO `t_zone` VALUES ('360732', '兴国县', '360000', '360700');
INSERT INTO `t_zone` VALUES ('360733', '会昌县', '360000', '360700');
INSERT INTO `t_zone` VALUES ('360734', '寻乌县', '360000', '360700');
INSERT INTO `t_zone` VALUES ('360735', '石城县', '360000', '360700');
INSERT INTO `t_zone` VALUES ('360781', '瑞金市', '360000', '360700');
INSERT INTO `t_zone` VALUES ('360802', '吉州区', '360000', '360800');
INSERT INTO `t_zone` VALUES ('360803', '青原区', '360000', '360800');
INSERT INTO `t_zone` VALUES ('360821', '吉安县', '360000', '360800');
INSERT INTO `t_zone` VALUES ('360822', '吉水县', '360000', '360800');
INSERT INTO `t_zone` VALUES ('360823', '峡江县', '360000', '360800');
INSERT INTO `t_zone` VALUES ('360824', '新干县', '360000', '360800');
INSERT INTO `t_zone` VALUES ('360825', '永丰县', '360000', '360800');
INSERT INTO `t_zone` VALUES ('360826', '泰和县', '360000', '360800');
INSERT INTO `t_zone` VALUES ('360827', '遂川县', '360000', '360800');
INSERT INTO `t_zone` VALUES ('360828', '万安县', '360000', '360800');
INSERT INTO `t_zone` VALUES ('360829', '安福县', '360000', '360800');
INSERT INTO `t_zone` VALUES ('360830', '永新县', '360000', '360800');
INSERT INTO `t_zone` VALUES ('360881', '井冈山市', '360000', '360800');
INSERT INTO `t_zone` VALUES ('360902', '袁州区', '360000', '360900');
INSERT INTO `t_zone` VALUES ('360921', '奉新县', '360000', '360900');
INSERT INTO `t_zone` VALUES ('360922', '万载县', '360000', '360900');
INSERT INTO `t_zone` VALUES ('360923', '上高县', '360000', '360900');
INSERT INTO `t_zone` VALUES ('360924', '宜丰县', '360000', '360900');
INSERT INTO `t_zone` VALUES ('360925', '靖安县', '360000', '360900');
INSERT INTO `t_zone` VALUES ('360926', '铜鼓县', '360000', '360900');
INSERT INTO `t_zone` VALUES ('360981', '丰城市', '360000', '360900');
INSERT INTO `t_zone` VALUES ('360982', '樟树市', '360000', '360900');
INSERT INTO `t_zone` VALUES ('360983', '高安市', '360000', '360900');
INSERT INTO `t_zone` VALUES ('361002', '临川区', '360000', '361000');
INSERT INTO `t_zone` VALUES ('361003', '东乡区', '360000', '361000');
INSERT INTO `t_zone` VALUES ('361021', '南城县', '360000', '361000');
INSERT INTO `t_zone` VALUES ('361022', '黎川县', '360000', '361000');
INSERT INTO `t_zone` VALUES ('361023', '南丰县', '360000', '361000');
INSERT INTO `t_zone` VALUES ('361024', '崇仁县', '360000', '361000');
INSERT INTO `t_zone` VALUES ('361025', '乐安县', '360000', '361000');
INSERT INTO `t_zone` VALUES ('361026', '宜黄县', '360000', '361000');
INSERT INTO `t_zone` VALUES ('361027', '金溪县', '360000', '361000');
INSERT INTO `t_zone` VALUES ('361028', '资溪县', '360000', '361000');
INSERT INTO `t_zone` VALUES ('361030', '广昌县', '360000', '361000');
INSERT INTO `t_zone` VALUES ('361102', '信州区', '360000', '361100');
INSERT INTO `t_zone` VALUES ('361103', '广丰区', '360000', '361100');
INSERT INTO `t_zone` VALUES ('361104', '广信区', '360000', '361100');
INSERT INTO `t_zone` VALUES ('361123', '玉山县', '360000', '361100');
INSERT INTO `t_zone` VALUES ('361124', '铅山县', '360000', '361100');
INSERT INTO `t_zone` VALUES ('361125', '横峰县', '360000', '361100');
INSERT INTO `t_zone` VALUES ('361126', '弋阳县', '360000', '361100');
INSERT INTO `t_zone` VALUES ('361127', '余干县', '360000', '361100');
INSERT INTO `t_zone` VALUES ('361128', '鄱阳县', '360000', '361100');
INSERT INTO `t_zone` VALUES ('361129', '万年县', '360000', '361100');
INSERT INTO `t_zone` VALUES ('361130', '婺源县', '360000', '361100');
INSERT INTO `t_zone` VALUES ('361181', '德兴市', '360000', '361100');
INSERT INTO `t_zone` VALUES ('370102', '历下区', '370000', '370100');
INSERT INTO `t_zone` VALUES ('370103', '市中区', '370000', '370100');
INSERT INTO `t_zone` VALUES ('370104', '槐荫区', '370000', '370100');
INSERT INTO `t_zone` VALUES ('370105', '天桥区', '370000', '370100');
INSERT INTO `t_zone` VALUES ('370112', '历城区', '370000', '370100');
INSERT INTO `t_zone` VALUES ('370113', '长清区', '370000', '370100');
INSERT INTO `t_zone` VALUES ('370114', '章丘区', '370000', '370100');
INSERT INTO `t_zone` VALUES ('370115', '济阳区', '370000', '370100');
INSERT INTO `t_zone` VALUES ('370116', '莱芜区', '370000', '370100');
INSERT INTO `t_zone` VALUES ('370117', '钢城区', '370000', '370100');
INSERT INTO `t_zone` VALUES ('370124', '平阴县', '370000', '370100');
INSERT INTO `t_zone` VALUES ('370126', '商河县', '370000', '370100');
INSERT INTO `t_zone` VALUES ('370202', '市南区', '370000', '370200');
INSERT INTO `t_zone` VALUES ('370203', '市北区', '370000', '370200');
INSERT INTO `t_zone` VALUES ('370211', '黄岛区', '370000', '370200');
INSERT INTO `t_zone` VALUES ('370212', '崂山区', '370000', '370200');
INSERT INTO `t_zone` VALUES ('370213', '李沧区', '370000', '370200');
INSERT INTO `t_zone` VALUES ('370214', '城阳区', '370000', '370200');
INSERT INTO `t_zone` VALUES ('370215', '即墨区', '370000', '370200');
INSERT INTO `t_zone` VALUES ('370281', '胶州市', '370000', '370200');
INSERT INTO `t_zone` VALUES ('370283', '平度市', '370000', '370200');
INSERT INTO `t_zone` VALUES ('370285', '莱西市', '370000', '370200');
INSERT INTO `t_zone` VALUES ('370302', '淄川区', '370000', '370300');
INSERT INTO `t_zone` VALUES ('370303', '张店区', '370000', '370300');
INSERT INTO `t_zone` VALUES ('370304', '博山区', '370000', '370300');
INSERT INTO `t_zone` VALUES ('370305', '临淄区', '370000', '370300');
INSERT INTO `t_zone` VALUES ('370306', '周村区', '370000', '370300');
INSERT INTO `t_zone` VALUES ('370321', '桓台县', '370000', '370300');
INSERT INTO `t_zone` VALUES ('370322', '高青县', '370000', '370300');
INSERT INTO `t_zone` VALUES ('370323', '沂源县', '370000', '370300');
INSERT INTO `t_zone` VALUES ('370402', '市中区', '370000', '370400');
INSERT INTO `t_zone` VALUES ('370403', '薛城区', '370000', '370400');
INSERT INTO `t_zone` VALUES ('370404', '峄城区', '370000', '370400');
INSERT INTO `t_zone` VALUES ('370405', '台儿庄区', '370000', '370400');
INSERT INTO `t_zone` VALUES ('370406', '山亭区', '370000', '370400');
INSERT INTO `t_zone` VALUES ('370481', '滕州市', '370000', '370400');
INSERT INTO `t_zone` VALUES ('370502', '东营区', '370000', '370500');
INSERT INTO `t_zone` VALUES ('370503', '河口区', '370000', '370500');
INSERT INTO `t_zone` VALUES ('370505', '垦利区', '370000', '370500');
INSERT INTO `t_zone` VALUES ('370522', '利津县', '370000', '370500');
INSERT INTO `t_zone` VALUES ('370523', '广饶县', '370000', '370500');
INSERT INTO `t_zone` VALUES ('370602', '芝罘区', '370000', '370600');
INSERT INTO `t_zone` VALUES ('370611', '福山区', '370000', '370600');
INSERT INTO `t_zone` VALUES ('370612', '牟平区', '370000', '370600');
INSERT INTO `t_zone` VALUES ('370613', '莱山区', '370000', '370600');
INSERT INTO `t_zone` VALUES ('370634', '长岛县', '370000', '370600');
INSERT INTO `t_zone` VALUES ('370681', '龙口市', '370000', '370600');
INSERT INTO `t_zone` VALUES ('370682', '莱阳市', '370000', '370600');
INSERT INTO `t_zone` VALUES ('370683', '莱州市', '370000', '370600');
INSERT INTO `t_zone` VALUES ('370684', '蓬莱市', '370000', '370600');
INSERT INTO `t_zone` VALUES ('370685', '招远市', '370000', '370600');
INSERT INTO `t_zone` VALUES ('370686', '栖霞市', '370000', '370600');
INSERT INTO `t_zone` VALUES ('370687', '海阳市', '370000', '370600');
INSERT INTO `t_zone` VALUES ('370702', '潍城区', '370000', '370700');
INSERT INTO `t_zone` VALUES ('370703', '寒亭区', '370000', '370700');
INSERT INTO `t_zone` VALUES ('370704', '坊子区', '370000', '370700');
INSERT INTO `t_zone` VALUES ('370705', '奎文区', '370000', '370700');
INSERT INTO `t_zone` VALUES ('370724', '临朐县', '370000', '370700');
INSERT INTO `t_zone` VALUES ('370725', '昌乐县', '370000', '370700');
INSERT INTO `t_zone` VALUES ('370781', '青州市', '370000', '370700');
INSERT INTO `t_zone` VALUES ('370782', '诸城市', '370000', '370700');
INSERT INTO `t_zone` VALUES ('370783', '寿光市', '370000', '370700');
INSERT INTO `t_zone` VALUES ('370784', '安丘市', '370000', '370700');
INSERT INTO `t_zone` VALUES ('370785', '高密市', '370000', '370700');
INSERT INTO `t_zone` VALUES ('370786', '昌邑市', '370000', '370700');
INSERT INTO `t_zone` VALUES ('370811', '任城区', '370000', '370800');
INSERT INTO `t_zone` VALUES ('370812', '兖州区', '370000', '370800');
INSERT INTO `t_zone` VALUES ('370826', '微山县', '370000', '370800');
INSERT INTO `t_zone` VALUES ('370827', '鱼台县', '370000', '370800');
INSERT INTO `t_zone` VALUES ('370828', '金乡县', '370000', '370800');
INSERT INTO `t_zone` VALUES ('370829', '嘉祥县', '370000', '370800');
INSERT INTO `t_zone` VALUES ('370830', '汶上县', '370000', '370800');
INSERT INTO `t_zone` VALUES ('370831', '泗水县', '370000', '370800');
INSERT INTO `t_zone` VALUES ('370832', '梁山县', '370000', '370800');
INSERT INTO `t_zone` VALUES ('370881', '曲阜市', '370000', '370800');
INSERT INTO `t_zone` VALUES ('370883', '邹城市', '370000', '370800');
INSERT INTO `t_zone` VALUES ('370902', '泰山区', '370000', '370900');
INSERT INTO `t_zone` VALUES ('370911', '岱岳区', '370000', '370900');
INSERT INTO `t_zone` VALUES ('370921', '宁阳县', '370000', '370900');
INSERT INTO `t_zone` VALUES ('370923', '东平县', '370000', '370900');
INSERT INTO `t_zone` VALUES ('370982', '新泰市', '370000', '370900');
INSERT INTO `t_zone` VALUES ('370983', '肥城市', '370000', '370900');
INSERT INTO `t_zone` VALUES ('371002', '环翠区', '370000', '371000');
INSERT INTO `t_zone` VALUES ('371003', '文登区', '370000', '371000');
INSERT INTO `t_zone` VALUES ('371082', '荣成市', '370000', '371000');
INSERT INTO `t_zone` VALUES ('371083', '乳山市', '370000', '371000');
INSERT INTO `t_zone` VALUES ('371102', '东港区', '370000', '371100');
INSERT INTO `t_zone` VALUES ('371103', '岚山区', '370000', '371100');
INSERT INTO `t_zone` VALUES ('371121', '五莲县', '370000', '371100');
INSERT INTO `t_zone` VALUES ('371122', '莒县', '370000', '371100');
INSERT INTO `t_zone` VALUES ('371302', '兰山区', '370000', '371300');
INSERT INTO `t_zone` VALUES ('371311', '罗庄区', '370000', '371300');
INSERT INTO `t_zone` VALUES ('371312', '河东区', '370000', '371300');
INSERT INTO `t_zone` VALUES ('371321', '沂南县', '370000', '371300');
INSERT INTO `t_zone` VALUES ('371322', '郯城县', '370000', '371300');
INSERT INTO `t_zone` VALUES ('371323', '沂水县', '370000', '371300');
INSERT INTO `t_zone` VALUES ('371324', '兰陵县', '370000', '371300');
INSERT INTO `t_zone` VALUES ('371325', '费县', '370000', '371300');
INSERT INTO `t_zone` VALUES ('371326', '平邑县', '370000', '371300');
INSERT INTO `t_zone` VALUES ('371327', '莒南县', '370000', '371300');
INSERT INTO `t_zone` VALUES ('371328', '蒙阴县', '370000', '371300');
INSERT INTO `t_zone` VALUES ('371329', '临沭县', '370000', '371300');
INSERT INTO `t_zone` VALUES ('371402', '德城区', '370000', '371400');
INSERT INTO `t_zone` VALUES ('371403', '陵城区', '370000', '371400');
INSERT INTO `t_zone` VALUES ('371422', '宁津县', '370000', '371400');
INSERT INTO `t_zone` VALUES ('371423', '庆云县', '370000', '371400');
INSERT INTO `t_zone` VALUES ('371424', '临邑县', '370000', '371400');
INSERT INTO `t_zone` VALUES ('371425', '齐河县', '370000', '371400');
INSERT INTO `t_zone` VALUES ('371426', '平原县', '370000', '371400');
INSERT INTO `t_zone` VALUES ('371427', '夏津县', '370000', '371400');
INSERT INTO `t_zone` VALUES ('371428', '武城县', '370000', '371400');
INSERT INTO `t_zone` VALUES ('371481', '乐陵市', '370000', '371400');
INSERT INTO `t_zone` VALUES ('371482', '禹城市', '370000', '371400');
INSERT INTO `t_zone` VALUES ('371502', '东昌府区', '370000', '371500');
INSERT INTO `t_zone` VALUES ('371503', '茌平区', '370000', '371500');
INSERT INTO `t_zone` VALUES ('371521', '阳谷县', '370000', '371500');
INSERT INTO `t_zone` VALUES ('371522', '莘县', '370000', '371500');
INSERT INTO `t_zone` VALUES ('371524', '东阿县', '370000', '371500');
INSERT INTO `t_zone` VALUES ('371525', '冠县', '370000', '371500');
INSERT INTO `t_zone` VALUES ('371526', '高唐县', '370000', '371500');
INSERT INTO `t_zone` VALUES ('371581', '临清市', '370000', '371500');
INSERT INTO `t_zone` VALUES ('371602', '滨城区', '370000', '371600');
INSERT INTO `t_zone` VALUES ('371603', '沾化区', '370000', '371600');
INSERT INTO `t_zone` VALUES ('371621', '惠民县', '370000', '371600');
INSERT INTO `t_zone` VALUES ('371622', '阳信县', '370000', '371600');
INSERT INTO `t_zone` VALUES ('371623', '无棣县', '370000', '371600');
INSERT INTO `t_zone` VALUES ('371625', '博兴县', '370000', '371600');
INSERT INTO `t_zone` VALUES ('371681', '邹平市', '370000', '371600');
INSERT INTO `t_zone` VALUES ('371702', '牡丹区', '370000', '371700');
INSERT INTO `t_zone` VALUES ('371703', '定陶区', '370000', '371700');
INSERT INTO `t_zone` VALUES ('371721', '曹县', '370000', '371700');
INSERT INTO `t_zone` VALUES ('371722', '单县', '370000', '371700');
INSERT INTO `t_zone` VALUES ('371723', '成武县', '370000', '371700');
INSERT INTO `t_zone` VALUES ('371724', '巨野县', '370000', '371700');
INSERT INTO `t_zone` VALUES ('371725', '郓城县', '370000', '371700');
INSERT INTO `t_zone` VALUES ('371726', '鄄城县', '370000', '371700');
INSERT INTO `t_zone` VALUES ('371728', '东明县', '370000', '371700');
INSERT INTO `t_zone` VALUES ('410102', '中原区', '410000', '410100');
INSERT INTO `t_zone` VALUES ('410103', '二七区', '410000', '410100');
INSERT INTO `t_zone` VALUES ('410104', '管城回族区', '410000', '410100');
INSERT INTO `t_zone` VALUES ('410105', '金水区', '410000', '410100');
INSERT INTO `t_zone` VALUES ('410106', '上街区', '410000', '410100');
INSERT INTO `t_zone` VALUES ('410108', '惠济区', '410000', '410100');
INSERT INTO `t_zone` VALUES ('410122', '中牟县', '410000', '410100');
INSERT INTO `t_zone` VALUES ('410181', '巩义市', '410000', '410100');
INSERT INTO `t_zone` VALUES ('410182', '荥阳市', '410000', '410100');
INSERT INTO `t_zone` VALUES ('410183', '新密市', '410000', '410100');
INSERT INTO `t_zone` VALUES ('410184', '新郑市', '410000', '410100');
INSERT INTO `t_zone` VALUES ('410185', '登封市', '410000', '410100');
INSERT INTO `t_zone` VALUES ('410202', '龙亭区', '410000', '410200');
INSERT INTO `t_zone` VALUES ('410203', '顺河回族区', '410000', '410200');
INSERT INTO `t_zone` VALUES ('410204', '鼓楼区', '410000', '410200');
INSERT INTO `t_zone` VALUES ('410205', '禹王台区', '410000', '410200');
INSERT INTO `t_zone` VALUES ('410212', '祥符区', '410000', '410200');
INSERT INTO `t_zone` VALUES ('410221', '杞县', '410000', '410200');
INSERT INTO `t_zone` VALUES ('410222', '通许县', '410000', '410200');
INSERT INTO `t_zone` VALUES ('410223', '尉氏县', '410000', '410200');
INSERT INTO `t_zone` VALUES ('410225', '兰考县', '410000', '410200');
INSERT INTO `t_zone` VALUES ('410302', '老城区', '410000', '410300');
INSERT INTO `t_zone` VALUES ('410303', '西工区', '410000', '410300');
INSERT INTO `t_zone` VALUES ('410304', '瀍河回族区', '410000', '410300');
INSERT INTO `t_zone` VALUES ('410305', '涧西区', '410000', '410300');
INSERT INTO `t_zone` VALUES ('410306', '吉利区', '410000', '410300');
INSERT INTO `t_zone` VALUES ('410311', '洛龙区', '410000', '410300');
INSERT INTO `t_zone` VALUES ('410322', '孟津县', '410000', '410300');
INSERT INTO `t_zone` VALUES ('410323', '新安县', '410000', '410300');
INSERT INTO `t_zone` VALUES ('410324', '栾川县', '410000', '410300');
INSERT INTO `t_zone` VALUES ('410325', '嵩县', '410000', '410300');
INSERT INTO `t_zone` VALUES ('410326', '汝阳县', '410000', '410300');
INSERT INTO `t_zone` VALUES ('410327', '宜阳县', '410000', '410300');
INSERT INTO `t_zone` VALUES ('410328', '洛宁县', '410000', '410300');
INSERT INTO `t_zone` VALUES ('410329', '伊川县', '410000', '410300');
INSERT INTO `t_zone` VALUES ('410381', '偃师市', '410000', '410300');
INSERT INTO `t_zone` VALUES ('410402', '新华区', '410000', '410400');
INSERT INTO `t_zone` VALUES ('410403', '卫东区', '410000', '410400');
INSERT INTO `t_zone` VALUES ('410404', '石龙区', '410000', '410400');
INSERT INTO `t_zone` VALUES ('410411', '湛河区', '410000', '410400');
INSERT INTO `t_zone` VALUES ('410421', '宝丰县', '410000', '410400');
INSERT INTO `t_zone` VALUES ('410422', '叶县', '410000', '410400');
INSERT INTO `t_zone` VALUES ('410423', '鲁山县', '410000', '410400');
INSERT INTO `t_zone` VALUES ('410425', '郏县', '410000', '410400');
INSERT INTO `t_zone` VALUES ('410481', '舞钢市', '410000', '410400');
INSERT INTO `t_zone` VALUES ('410482', '汝州市', '410000', '410400');
INSERT INTO `t_zone` VALUES ('410502', '文峰区', '410000', '410500');
INSERT INTO `t_zone` VALUES ('410503', '北关区', '410000', '410500');
INSERT INTO `t_zone` VALUES ('410505', '殷都区', '410000', '410500');
INSERT INTO `t_zone` VALUES ('410506', '龙安区', '410000', '410500');
INSERT INTO `t_zone` VALUES ('410522', '安阳县', '410000', '410500');
INSERT INTO `t_zone` VALUES ('410523', '汤阴县', '410000', '410500');
INSERT INTO `t_zone` VALUES ('410526', '滑县', '410000', '410500');
INSERT INTO `t_zone` VALUES ('410527', '内黄县', '410000', '410500');
INSERT INTO `t_zone` VALUES ('410581', '林州市', '410000', '410500');
INSERT INTO `t_zone` VALUES ('410602', '鹤山区', '410000', '410600');
INSERT INTO `t_zone` VALUES ('410603', '山城区', '410000', '410600');
INSERT INTO `t_zone` VALUES ('410611', '淇滨区', '410000', '410600');
INSERT INTO `t_zone` VALUES ('410621', '浚县', '410000', '410600');
INSERT INTO `t_zone` VALUES ('410622', '淇县', '410000', '410600');
INSERT INTO `t_zone` VALUES ('410702', '红旗区', '410000', '410700');
INSERT INTO `t_zone` VALUES ('410703', '卫滨区', '410000', '410700');
INSERT INTO `t_zone` VALUES ('410704', '凤泉区', '410000', '410700');
INSERT INTO `t_zone` VALUES ('410711', '牧野区', '410000', '410700');
INSERT INTO `t_zone` VALUES ('410721', '新乡县', '410000', '410700');
INSERT INTO `t_zone` VALUES ('410724', '获嘉县', '410000', '410700');
INSERT INTO `t_zone` VALUES ('410725', '原阳县', '410000', '410700');
INSERT INTO `t_zone` VALUES ('410726', '延津县', '410000', '410700');
INSERT INTO `t_zone` VALUES ('410727', '封丘县', '410000', '410700');
INSERT INTO `t_zone` VALUES ('410781', '卫辉市', '410000', '410700');
INSERT INTO `t_zone` VALUES ('410782', '辉县市', '410000', '410700');
INSERT INTO `t_zone` VALUES ('410783', '长垣市', '410000', '410700');
INSERT INTO `t_zone` VALUES ('410802', '解放区', '410000', '410800');
INSERT INTO `t_zone` VALUES ('410803', '中站区', '410000', '410800');
INSERT INTO `t_zone` VALUES ('410804', '马村区', '410000', '410800');
INSERT INTO `t_zone` VALUES ('410811', '山阳区', '410000', '410800');
INSERT INTO `t_zone` VALUES ('410821', '修武县', '410000', '410800');
INSERT INTO `t_zone` VALUES ('410822', '博爱县', '410000', '410800');
INSERT INTO `t_zone` VALUES ('410823', '武陟县', '410000', '410800');
INSERT INTO `t_zone` VALUES ('410825', '温县', '410000', '410800');
INSERT INTO `t_zone` VALUES ('410882', '沁阳市', '410000', '410800');
INSERT INTO `t_zone` VALUES ('410883', '孟州市', '410000', '410800');
INSERT INTO `t_zone` VALUES ('410902', '华龙区', '410000', '410900');
INSERT INTO `t_zone` VALUES ('410922', '清丰县', '410000', '410900');
INSERT INTO `t_zone` VALUES ('410923', '南乐县', '410000', '410900');
INSERT INTO `t_zone` VALUES ('410926', '范县', '410000', '410900');
INSERT INTO `t_zone` VALUES ('410927', '台前县', '410000', '410900');
INSERT INTO `t_zone` VALUES ('410928', '濮阳县', '410000', '410900');
INSERT INTO `t_zone` VALUES ('411002', '魏都区', '410000', '411000');
INSERT INTO `t_zone` VALUES ('411003', '建安区', '410000', '411000');
INSERT INTO `t_zone` VALUES ('411024', '鄢陵县', '410000', '411000');
INSERT INTO `t_zone` VALUES ('411025', '襄城县', '410000', '411000');
INSERT INTO `t_zone` VALUES ('411081', '禹州市', '410000', '411000');
INSERT INTO `t_zone` VALUES ('411082', '长葛市', '410000', '411000');
INSERT INTO `t_zone` VALUES ('411102', '源汇区', '410000', '411100');
INSERT INTO `t_zone` VALUES ('411103', '郾城区', '410000', '411100');
INSERT INTO `t_zone` VALUES ('411104', '召陵区', '410000', '411100');
INSERT INTO `t_zone` VALUES ('411121', '舞阳县', '410000', '411100');
INSERT INTO `t_zone` VALUES ('411122', '临颍县', '410000', '411100');
INSERT INTO `t_zone` VALUES ('411202', '湖滨区', '410000', '411200');
INSERT INTO `t_zone` VALUES ('411203', '陕州区', '410000', '411200');
INSERT INTO `t_zone` VALUES ('411221', '渑池县', '410000', '411200');
INSERT INTO `t_zone` VALUES ('411224', '卢氏县', '410000', '411200');
INSERT INTO `t_zone` VALUES ('411281', '义马市', '410000', '411200');
INSERT INTO `t_zone` VALUES ('411282', '灵宝市', '410000', '411200');
INSERT INTO `t_zone` VALUES ('411302', '宛城区', '410000', '411300');
INSERT INTO `t_zone` VALUES ('411303', '卧龙区', '410000', '411300');
INSERT INTO `t_zone` VALUES ('411321', '南召县', '410000', '411300');
INSERT INTO `t_zone` VALUES ('411322', '方城县', '410000', '411300');
INSERT INTO `t_zone` VALUES ('411323', '西峡县', '410000', '411300');
INSERT INTO `t_zone` VALUES ('411324', '镇平县', '410000', '411300');
INSERT INTO `t_zone` VALUES ('411325', '内乡县', '410000', '411300');
INSERT INTO `t_zone` VALUES ('411326', '淅川县', '410000', '411300');
INSERT INTO `t_zone` VALUES ('411327', '社旗县', '410000', '411300');
INSERT INTO `t_zone` VALUES ('411328', '唐河县', '410000', '411300');
INSERT INTO `t_zone` VALUES ('411329', '新野县', '410000', '411300');
INSERT INTO `t_zone` VALUES ('411330', '桐柏县', '410000', '411300');
INSERT INTO `t_zone` VALUES ('411381', '邓州市', '410000', '411300');
INSERT INTO `t_zone` VALUES ('411402', '梁园区', '410000', '411400');
INSERT INTO `t_zone` VALUES ('411403', '睢阳区', '410000', '411400');
INSERT INTO `t_zone` VALUES ('411421', '民权县', '410000', '411400');
INSERT INTO `t_zone` VALUES ('411422', '睢县', '410000', '411400');
INSERT INTO `t_zone` VALUES ('411423', '宁陵县', '410000', '411400');
INSERT INTO `t_zone` VALUES ('411424', '柘城县', '410000', '411400');
INSERT INTO `t_zone` VALUES ('411425', '虞城县', '410000', '411400');
INSERT INTO `t_zone` VALUES ('411426', '夏邑县', '410000', '411400');
INSERT INTO `t_zone` VALUES ('411481', '永城市', '410000', '411400');
INSERT INTO `t_zone` VALUES ('411502', '浉河区', '410000', '411500');
INSERT INTO `t_zone` VALUES ('411503', '平桥区', '410000', '411500');
INSERT INTO `t_zone` VALUES ('411521', '罗山县', '410000', '411500');
INSERT INTO `t_zone` VALUES ('411522', '光山县', '410000', '411500');
INSERT INTO `t_zone` VALUES ('411523', '新县', '410000', '411500');
INSERT INTO `t_zone` VALUES ('411524', '商城县', '410000', '411500');
INSERT INTO `t_zone` VALUES ('411525', '固始县', '410000', '411500');
INSERT INTO `t_zone` VALUES ('411526', '潢川县', '410000', '411500');
INSERT INTO `t_zone` VALUES ('411527', '淮滨县', '410000', '411500');
INSERT INTO `t_zone` VALUES ('411528', '息县', '410000', '411500');
INSERT INTO `t_zone` VALUES ('411602', '川汇区', '410000', '411600');
INSERT INTO `t_zone` VALUES ('411603', '淮阳区', '410000', '411600');
INSERT INTO `t_zone` VALUES ('411621', '扶沟县', '410000', '411600');
INSERT INTO `t_zone` VALUES ('411622', '西华县', '410000', '411600');
INSERT INTO `t_zone` VALUES ('411623', '商水县', '410000', '411600');
INSERT INTO `t_zone` VALUES ('411624', '沈丘县', '410000', '411600');
INSERT INTO `t_zone` VALUES ('411625', '郸城县', '410000', '411600');
INSERT INTO `t_zone` VALUES ('411627', '太康县', '410000', '411600');
INSERT INTO `t_zone` VALUES ('411628', '鹿邑县', '410000', '411600');
INSERT INTO `t_zone` VALUES ('411681', '项城市', '410000', '411600');
INSERT INTO `t_zone` VALUES ('411702', '驿城区', '410000', '411700');
INSERT INTO `t_zone` VALUES ('411721', '西平县', '410000', '411700');
INSERT INTO `t_zone` VALUES ('411722', '上蔡县', '410000', '411700');
INSERT INTO `t_zone` VALUES ('411723', '平舆县', '410000', '411700');
INSERT INTO `t_zone` VALUES ('411724', '正阳县', '410000', '411700');
INSERT INTO `t_zone` VALUES ('411725', '确山县', '410000', '411700');
INSERT INTO `t_zone` VALUES ('411726', '泌阳县', '410000', '411700');
INSERT INTO `t_zone` VALUES ('411727', '汝南县', '410000', '411700');
INSERT INTO `t_zone` VALUES ('411728', '遂平县', '410000', '411700');
INSERT INTO `t_zone` VALUES ('411729', '新蔡县', '410000', '411700');
INSERT INTO `t_zone` VALUES ('419001', '济源市', '410000', '419000');
INSERT INTO `t_zone` VALUES ('420102', '江岸区', '420000', '420100');
INSERT INTO `t_zone` VALUES ('420103', '江汉区', '420000', '420100');
INSERT INTO `t_zone` VALUES ('420104', '硚口区', '420000', '420100');
INSERT INTO `t_zone` VALUES ('420105', '汉阳区', '420000', '420100');
INSERT INTO `t_zone` VALUES ('420106', '武昌区', '420000', '420100');
INSERT INTO `t_zone` VALUES ('420107', '青山区', '420000', '420100');
INSERT INTO `t_zone` VALUES ('420111', '洪山区', '420000', '420100');
INSERT INTO `t_zone` VALUES ('420112', '东西湖区', '420000', '420100');
INSERT INTO `t_zone` VALUES ('420113', '汉南区', '420000', '420100');
INSERT INTO `t_zone` VALUES ('420114', '蔡甸区', '420000', '420100');
INSERT INTO `t_zone` VALUES ('420115', '江夏区', '420000', '420100');
INSERT INTO `t_zone` VALUES ('420116', '黄陂区', '420000', '420100');
INSERT INTO `t_zone` VALUES ('420117', '新洲区', '420000', '420100');
INSERT INTO `t_zone` VALUES ('420202', '黄石港区', '420000', '420200');
INSERT INTO `t_zone` VALUES ('420203', '西塞山区', '420000', '420200');
INSERT INTO `t_zone` VALUES ('420204', '下陆区', '420000', '420200');
INSERT INTO `t_zone` VALUES ('420205', '铁山区', '420000', '420200');
INSERT INTO `t_zone` VALUES ('420222', '阳新县', '420000', '420200');
INSERT INTO `t_zone` VALUES ('420281', '大冶市', '420000', '420200');
INSERT INTO `t_zone` VALUES ('420302', '茅箭区', '420000', '420300');
INSERT INTO `t_zone` VALUES ('420303', '张湾区', '420000', '420300');
INSERT INTO `t_zone` VALUES ('420304', '郧阳区', '420000', '420300');
INSERT INTO `t_zone` VALUES ('420322', '郧西县', '420000', '420300');
INSERT INTO `t_zone` VALUES ('420323', '竹山县', '420000', '420300');
INSERT INTO `t_zone` VALUES ('420324', '竹溪县', '420000', '420300');
INSERT INTO `t_zone` VALUES ('420325', '房县', '420000', '420300');
INSERT INTO `t_zone` VALUES ('420381', '丹江口市', '420000', '420300');
INSERT INTO `t_zone` VALUES ('420502', '西陵区', '420000', '420500');
INSERT INTO `t_zone` VALUES ('420503', '伍家岗区', '420000', '420500');
INSERT INTO `t_zone` VALUES ('420504', '点军区', '420000', '420500');
INSERT INTO `t_zone` VALUES ('420505', '猇亭区', '420000', '420500');
INSERT INTO `t_zone` VALUES ('420506', '夷陵区', '420000', '420500');
INSERT INTO `t_zone` VALUES ('420525', '远安县', '420000', '420500');
INSERT INTO `t_zone` VALUES ('420526', '兴山县', '420000', '420500');
INSERT INTO `t_zone` VALUES ('420527', '秭归县', '420000', '420500');
INSERT INTO `t_zone` VALUES ('420528', '长阳土家族自治县', '420000', '420500');
INSERT INTO `t_zone` VALUES ('420529', '五峰土家族自治县', '420000', '420500');
INSERT INTO `t_zone` VALUES ('420581', '宜都市', '420000', '420500');
INSERT INTO `t_zone` VALUES ('420582', '当阳市', '420000', '420500');
INSERT INTO `t_zone` VALUES ('420583', '枝江市', '420000', '420500');
INSERT INTO `t_zone` VALUES ('420602', '襄城区', '420000', '420600');
INSERT INTO `t_zone` VALUES ('420606', '樊城区', '420000', '420600');
INSERT INTO `t_zone` VALUES ('420607', '襄州区', '420000', '420600');
INSERT INTO `t_zone` VALUES ('420624', '南漳县', '420000', '420600');
INSERT INTO `t_zone` VALUES ('420625', '谷城县', '420000', '420600');
INSERT INTO `t_zone` VALUES ('420626', '保康县', '420000', '420600');
INSERT INTO `t_zone` VALUES ('420682', '老河口市', '420000', '420600');
INSERT INTO `t_zone` VALUES ('420683', '枣阳市', '420000', '420600');
INSERT INTO `t_zone` VALUES ('420684', '宜城市', '420000', '420600');
INSERT INTO `t_zone` VALUES ('420702', '梁子湖区', '420000', '420700');
INSERT INTO `t_zone` VALUES ('420703', '华容区', '420000', '420700');
INSERT INTO `t_zone` VALUES ('420704', '鄂城区', '420000', '420700');
INSERT INTO `t_zone` VALUES ('420802', '东宝区', '420000', '420800');
INSERT INTO `t_zone` VALUES ('420804', '掇刀区', '420000', '420800');
INSERT INTO `t_zone` VALUES ('420822', '沙洋县', '420000', '420800');
INSERT INTO `t_zone` VALUES ('420881', '钟祥市', '420000', '420800');
INSERT INTO `t_zone` VALUES ('420882', '京山市', '420000', '420800');
INSERT INTO `t_zone` VALUES ('420902', '孝南区', '420000', '420900');
INSERT INTO `t_zone` VALUES ('420921', '孝昌县', '420000', '420900');
INSERT INTO `t_zone` VALUES ('420922', '大悟县', '420000', '420900');
INSERT INTO `t_zone` VALUES ('420923', '云梦县', '420000', '420900');
INSERT INTO `t_zone` VALUES ('420981', '应城市', '420000', '420900');
INSERT INTO `t_zone` VALUES ('420982', '安陆市', '420000', '420900');
INSERT INTO `t_zone` VALUES ('420984', '汉川市', '420000', '420900');
INSERT INTO `t_zone` VALUES ('421002', '沙市区', '420000', '421000');
INSERT INTO `t_zone` VALUES ('421003', '荆州区', '420000', '421000');
INSERT INTO `t_zone` VALUES ('421022', '公安县', '420000', '421000');
INSERT INTO `t_zone` VALUES ('421023', '监利县', '420000', '421000');
INSERT INTO `t_zone` VALUES ('421024', '江陵县', '420000', '421000');
INSERT INTO `t_zone` VALUES ('421081', '石首市', '420000', '421000');
INSERT INTO `t_zone` VALUES ('421083', '洪湖市', '420000', '421000');
INSERT INTO `t_zone` VALUES ('421087', '松滋市', '420000', '421000');
INSERT INTO `t_zone` VALUES ('421102', '黄州区', '420000', '421100');
INSERT INTO `t_zone` VALUES ('421121', '团风县', '420000', '421100');
INSERT INTO `t_zone` VALUES ('421122', '红安县', '420000', '421100');
INSERT INTO `t_zone` VALUES ('421123', '罗田县', '420000', '421100');
INSERT INTO `t_zone` VALUES ('421124', '英山县', '420000', '421100');
INSERT INTO `t_zone` VALUES ('421125', '浠水县', '420000', '421100');
INSERT INTO `t_zone` VALUES ('421126', '蕲春县', '420000', '421100');
INSERT INTO `t_zone` VALUES ('421127', '黄梅县', '420000', '421100');
INSERT INTO `t_zone` VALUES ('421181', '麻城市', '420000', '421100');
INSERT INTO `t_zone` VALUES ('421182', '武穴市', '420000', '421100');
INSERT INTO `t_zone` VALUES ('421202', '咸安区', '420000', '421200');
INSERT INTO `t_zone` VALUES ('421221', '嘉鱼县', '420000', '421200');
INSERT INTO `t_zone` VALUES ('421222', '通城县', '420000', '421200');
INSERT INTO `t_zone` VALUES ('421223', '崇阳县', '420000', '421200');
INSERT INTO `t_zone` VALUES ('421224', '通山县', '420000', '421200');
INSERT INTO `t_zone` VALUES ('421281', '赤壁市', '420000', '421200');
INSERT INTO `t_zone` VALUES ('421303', '曾都区', '420000', '421300');
INSERT INTO `t_zone` VALUES ('421321', '随县', '420000', '421300');
INSERT INTO `t_zone` VALUES ('421381', '广水市', '420000', '421300');
INSERT INTO `t_zone` VALUES ('422801', '恩施市', '420000', '422800');
INSERT INTO `t_zone` VALUES ('422802', '利川市', '420000', '422800');
INSERT INTO `t_zone` VALUES ('422822', '建始县', '420000', '422800');
INSERT INTO `t_zone` VALUES ('422823', '巴东县', '420000', '422800');
INSERT INTO `t_zone` VALUES ('422825', '宣恩县', '420000', '422800');
INSERT INTO `t_zone` VALUES ('422826', '咸丰县', '420000', '422800');
INSERT INTO `t_zone` VALUES ('422827', '来凤县', '420000', '422800');
INSERT INTO `t_zone` VALUES ('422828', '鹤峰县', '420000', '422800');
INSERT INTO `t_zone` VALUES ('429004', '仙桃市', '420000', '429000');
INSERT INTO `t_zone` VALUES ('429005', '潜江市', '420000', '429000');
INSERT INTO `t_zone` VALUES ('429006', '天门市', '420000', '429000');
INSERT INTO `t_zone` VALUES ('429021', '神农架林区', '420000', '429000');
INSERT INTO `t_zone` VALUES ('430102', '芙蓉区', '430000', '430100');
INSERT INTO `t_zone` VALUES ('430103', '天心区', '430000', '430100');
INSERT INTO `t_zone` VALUES ('430104', '岳麓区', '430000', '430100');
INSERT INTO `t_zone` VALUES ('430105', '开福区', '430000', '430100');
INSERT INTO `t_zone` VALUES ('430111', '雨花区', '430000', '430100');
INSERT INTO `t_zone` VALUES ('430112', '望城区', '430000', '430100');
INSERT INTO `t_zone` VALUES ('430121', '长沙县', '430000', '430100');
INSERT INTO `t_zone` VALUES ('430181', '浏阳市', '430000', '430100');
INSERT INTO `t_zone` VALUES ('430182', '宁乡市', '430000', '430100');
INSERT INTO `t_zone` VALUES ('430202', '荷塘区', '430000', '430200');
INSERT INTO `t_zone` VALUES ('430203', '芦淞区', '430000', '430200');
INSERT INTO `t_zone` VALUES ('430204', '石峰区', '430000', '430200');
INSERT INTO `t_zone` VALUES ('430211', '天元区', '430000', '430200');
INSERT INTO `t_zone` VALUES ('430212', '渌口区', '430000', '430200');
INSERT INTO `t_zone` VALUES ('430223', '攸县', '430000', '430200');
INSERT INTO `t_zone` VALUES ('430224', '茶陵县', '430000', '430200');
INSERT INTO `t_zone` VALUES ('430225', '炎陵县', '430000', '430200');
INSERT INTO `t_zone` VALUES ('430281', '醴陵市', '430000', '430200');
INSERT INTO `t_zone` VALUES ('430302', '雨湖区', '430000', '430300');
INSERT INTO `t_zone` VALUES ('430304', '岳塘区', '430000', '430300');
INSERT INTO `t_zone` VALUES ('430321', '湘潭县', '430000', '430300');
INSERT INTO `t_zone` VALUES ('430381', '湘乡市', '430000', '430300');
INSERT INTO `t_zone` VALUES ('430382', '韶山市', '430000', '430300');
INSERT INTO `t_zone` VALUES ('430405', '珠晖区', '430000', '430400');
INSERT INTO `t_zone` VALUES ('430406', '雁峰区', '430000', '430400');
INSERT INTO `t_zone` VALUES ('430407', '石鼓区', '430000', '430400');
INSERT INTO `t_zone` VALUES ('430408', '蒸湘区', '430000', '430400');
INSERT INTO `t_zone` VALUES ('430412', '南岳区', '430000', '430400');
INSERT INTO `t_zone` VALUES ('430421', '衡阳县', '430000', '430400');
INSERT INTO `t_zone` VALUES ('430422', '衡南县', '430000', '430400');
INSERT INTO `t_zone` VALUES ('430423', '衡山县', '430000', '430400');
INSERT INTO `t_zone` VALUES ('430424', '衡东县', '430000', '430400');
INSERT INTO `t_zone` VALUES ('430426', '祁东县', '430000', '430400');
INSERT INTO `t_zone` VALUES ('430481', '耒阳市', '430000', '430400');
INSERT INTO `t_zone` VALUES ('430482', '常宁市', '430000', '430400');
INSERT INTO `t_zone` VALUES ('430502', '双清区', '430000', '430500');
INSERT INTO `t_zone` VALUES ('430503', '大祥区', '430000', '430500');
INSERT INTO `t_zone` VALUES ('430511', '北塔区', '430000', '430500');
INSERT INTO `t_zone` VALUES ('430522', '新邵县', '430000', '430500');
INSERT INTO `t_zone` VALUES ('430523', '邵阳县', '430000', '430500');
INSERT INTO `t_zone` VALUES ('430524', '隆回县', '430000', '430500');
INSERT INTO `t_zone` VALUES ('430525', '洞口县', '430000', '430500');
INSERT INTO `t_zone` VALUES ('430527', '绥宁县', '430000', '430500');
INSERT INTO `t_zone` VALUES ('430528', '新宁县', '430000', '430500');
INSERT INTO `t_zone` VALUES ('430529', '城步苗族自治县', '430000', '430500');
INSERT INTO `t_zone` VALUES ('430581', '武冈市', '430000', '430500');
INSERT INTO `t_zone` VALUES ('430582', '邵东市', '430000', '430500');
INSERT INTO `t_zone` VALUES ('430602', '岳阳楼区', '430000', '430600');
INSERT INTO `t_zone` VALUES ('430603', '云溪区', '430000', '430600');
INSERT INTO `t_zone` VALUES ('430611', '君山区', '430000', '430600');
INSERT INTO `t_zone` VALUES ('430621', '岳阳县', '430000', '430600');
INSERT INTO `t_zone` VALUES ('430623', '华容县', '430000', '430600');
INSERT INTO `t_zone` VALUES ('430624', '湘阴县', '430000', '430600');
INSERT INTO `t_zone` VALUES ('430626', '平江县', '430000', '430600');
INSERT INTO `t_zone` VALUES ('430681', '汨罗市', '430000', '430600');
INSERT INTO `t_zone` VALUES ('430682', '临湘市', '430000', '430600');
INSERT INTO `t_zone` VALUES ('430702', '武陵区', '430000', '430700');
INSERT INTO `t_zone` VALUES ('430703', '鼎城区', '430000', '430700');
INSERT INTO `t_zone` VALUES ('430721', '安乡县', '430000', '430700');
INSERT INTO `t_zone` VALUES ('430722', '汉寿县', '430000', '430700');
INSERT INTO `t_zone` VALUES ('430723', '澧县', '430000', '430700');
INSERT INTO `t_zone` VALUES ('430724', '临澧县', '430000', '430700');
INSERT INTO `t_zone` VALUES ('430725', '桃源县', '430000', '430700');
INSERT INTO `t_zone` VALUES ('430726', '石门县', '430000', '430700');
INSERT INTO `t_zone` VALUES ('430781', '津市市', '430000', '430700');
INSERT INTO `t_zone` VALUES ('430802', '永定区', '430000', '430800');
INSERT INTO `t_zone` VALUES ('430811', '武陵源区', '430000', '430800');
INSERT INTO `t_zone` VALUES ('430821', '慈利县', '430000', '430800');
INSERT INTO `t_zone` VALUES ('430822', '桑植县', '430000', '430800');
INSERT INTO `t_zone` VALUES ('430902', '资阳区', '430000', '430900');
INSERT INTO `t_zone` VALUES ('430903', '赫山区', '430000', '430900');
INSERT INTO `t_zone` VALUES ('430921', '南县', '430000', '430900');
INSERT INTO `t_zone` VALUES ('430922', '桃江县', '430000', '430900');
INSERT INTO `t_zone` VALUES ('430923', '安化县', '430000', '430900');
INSERT INTO `t_zone` VALUES ('430981', '沅江市', '430000', '430900');
INSERT INTO `t_zone` VALUES ('431002', '北湖区', '430000', '431000');
INSERT INTO `t_zone` VALUES ('431003', '苏仙区', '430000', '431000');
INSERT INTO `t_zone` VALUES ('431021', '桂阳县', '430000', '431000');
INSERT INTO `t_zone` VALUES ('431022', '宜章县', '430000', '431000');
INSERT INTO `t_zone` VALUES ('431023', '永兴县', '430000', '431000');
INSERT INTO `t_zone` VALUES ('431024', '嘉禾县', '430000', '431000');
INSERT INTO `t_zone` VALUES ('431025', '临武县', '430000', '431000');
INSERT INTO `t_zone` VALUES ('431026', '汝城县', '430000', '431000');
INSERT INTO `t_zone` VALUES ('431027', '桂东县', '430000', '431000');
INSERT INTO `t_zone` VALUES ('431028', '安仁县', '430000', '431000');
INSERT INTO `t_zone` VALUES ('431081', '资兴市', '430000', '431000');
INSERT INTO `t_zone` VALUES ('431102', '零陵区', '430000', '431100');
INSERT INTO `t_zone` VALUES ('431103', '冷水滩区', '430000', '431100');
INSERT INTO `t_zone` VALUES ('431121', '祁阳县', '430000', '431100');
INSERT INTO `t_zone` VALUES ('431122', '东安县', '430000', '431100');
INSERT INTO `t_zone` VALUES ('431123', '双牌县', '430000', '431100');
INSERT INTO `t_zone` VALUES ('431124', '道县', '430000', '431100');
INSERT INTO `t_zone` VALUES ('431125', '江永县', '430000', '431100');
INSERT INTO `t_zone` VALUES ('431126', '宁远县', '430000', '431100');
INSERT INTO `t_zone` VALUES ('431127', '蓝山县', '430000', '431100');
INSERT INTO `t_zone` VALUES ('431128', '新田县', '430000', '431100');
INSERT INTO `t_zone` VALUES ('431129', '江华瑶族自治县', '430000', '431100');
INSERT INTO `t_zone` VALUES ('431202', '鹤城区', '430000', '431200');
INSERT INTO `t_zone` VALUES ('431221', '中方县', '430000', '431200');
INSERT INTO `t_zone` VALUES ('431222', '沅陵县', '430000', '431200');
INSERT INTO `t_zone` VALUES ('431223', '辰溪县', '430000', '431200');
INSERT INTO `t_zone` VALUES ('431224', '溆浦县', '430000', '431200');
INSERT INTO `t_zone` VALUES ('431225', '会同县', '430000', '431200');
INSERT INTO `t_zone` VALUES ('431226', '麻阳苗族自治县', '430000', '431200');
INSERT INTO `t_zone` VALUES ('431227', '新晃侗族自治县', '430000', '431200');
INSERT INTO `t_zone` VALUES ('431228', '芷江侗族自治县', '430000', '431200');
INSERT INTO `t_zone` VALUES ('431229', '靖州苗族侗族自治县', '430000', '431200');
INSERT INTO `t_zone` VALUES ('431230', '通道侗族自治县', '430000', '431200');
INSERT INTO `t_zone` VALUES ('431281', '洪江市', '430000', '431200');
INSERT INTO `t_zone` VALUES ('431302', '娄星区', '430000', '431300');
INSERT INTO `t_zone` VALUES ('431321', '双峰县', '430000', '431300');
INSERT INTO `t_zone` VALUES ('431322', '新化县', '430000', '431300');
INSERT INTO `t_zone` VALUES ('431381', '冷水江市', '430000', '431300');
INSERT INTO `t_zone` VALUES ('431382', '涟源市', '430000', '431300');
INSERT INTO `t_zone` VALUES ('433101', '吉首市', '430000', '433100');
INSERT INTO `t_zone` VALUES ('433122', '泸溪县', '430000', '433100');
INSERT INTO `t_zone` VALUES ('433123', '凤凰县', '430000', '433100');
INSERT INTO `t_zone` VALUES ('433124', '花垣县', '430000', '433100');
INSERT INTO `t_zone` VALUES ('433125', '保靖县', '430000', '433100');
INSERT INTO `t_zone` VALUES ('433126', '古丈县', '430000', '433100');
INSERT INTO `t_zone` VALUES ('433127', '永顺县', '430000', '433100');
INSERT INTO `t_zone` VALUES ('433130', '龙山县', '430000', '433100');
INSERT INTO `t_zone` VALUES ('440103', '荔湾区', '440000', '440100');
INSERT INTO `t_zone` VALUES ('440104', '越秀区', '440000', '440100');
INSERT INTO `t_zone` VALUES ('440105', '海珠区', '440000', '440100');
INSERT INTO `t_zone` VALUES ('440106', '天河区', '440000', '440100');
INSERT INTO `t_zone` VALUES ('440111', '白云区', '440000', '440100');
INSERT INTO `t_zone` VALUES ('440112', '黄埔区', '440000', '440100');
INSERT INTO `t_zone` VALUES ('440113', '番禺区', '440000', '440100');
INSERT INTO `t_zone` VALUES ('440114', '花都区', '440000', '440100');
INSERT INTO `t_zone` VALUES ('440115', '南沙区', '440000', '440100');
INSERT INTO `t_zone` VALUES ('440117', '从化区', '440000', '440100');
INSERT INTO `t_zone` VALUES ('440118', '增城区', '440000', '440100');
INSERT INTO `t_zone` VALUES ('440203', '武江区', '440000', '440200');
INSERT INTO `t_zone` VALUES ('440204', '浈江区', '440000', '440200');
INSERT INTO `t_zone` VALUES ('440205', '曲江区', '440000', '440200');
INSERT INTO `t_zone` VALUES ('440222', '始兴县', '440000', '440200');
INSERT INTO `t_zone` VALUES ('440224', '仁化县', '440000', '440200');
INSERT INTO `t_zone` VALUES ('440229', '翁源县', '440000', '440200');
INSERT INTO `t_zone` VALUES ('440232', '乳源瑶族自治县', '440000', '440200');
INSERT INTO `t_zone` VALUES ('440233', '新丰县', '440000', '440200');
INSERT INTO `t_zone` VALUES ('440281', '乐昌市', '440000', '440200');
INSERT INTO `t_zone` VALUES ('440282', '南雄市', '440000', '440200');
INSERT INTO `t_zone` VALUES ('440303', '罗湖区', '440000', '440300');
INSERT INTO `t_zone` VALUES ('440304', '福田区', '440000', '440300');
INSERT INTO `t_zone` VALUES ('440305', '南山区', '440000', '440300');
INSERT INTO `t_zone` VALUES ('440306', '宝安区', '440000', '440300');
INSERT INTO `t_zone` VALUES ('440307', '龙岗区', '440000', '440300');
INSERT INTO `t_zone` VALUES ('440308', '盐田区', '440000', '440300');
INSERT INTO `t_zone` VALUES ('440309', '龙华区', '440000', '440300');
INSERT INTO `t_zone` VALUES ('440310', '坪山区', '440000', '440300');
INSERT INTO `t_zone` VALUES ('440311', '光明区', '440000', '440300');
INSERT INTO `t_zone` VALUES ('440402', '香洲区', '440000', '440400');
INSERT INTO `t_zone` VALUES ('440403', '斗门区', '440000', '440400');
INSERT INTO `t_zone` VALUES ('440404', '金湾区', '440000', '440400');
INSERT INTO `t_zone` VALUES ('440507', '龙湖区', '440000', '440500');
INSERT INTO `t_zone` VALUES ('440511', '金平区', '440000', '440500');
INSERT INTO `t_zone` VALUES ('440512', '濠江区', '440000', '440500');
INSERT INTO `t_zone` VALUES ('440513', '潮阳区', '440000', '440500');
INSERT INTO `t_zone` VALUES ('440514', '潮南区', '440000', '440500');
INSERT INTO `t_zone` VALUES ('440515', '澄海区', '440000', '440500');
INSERT INTO `t_zone` VALUES ('440523', '南澳县', '440000', '440500');
INSERT INTO `t_zone` VALUES ('440604', '禅城区', '440000', '440600');
INSERT INTO `t_zone` VALUES ('440605', '南海区', '440000', '440600');
INSERT INTO `t_zone` VALUES ('440606', '顺德区', '440000', '440600');
INSERT INTO `t_zone` VALUES ('440607', '三水区', '440000', '440600');
INSERT INTO `t_zone` VALUES ('440608', '高明区', '440000', '440600');
INSERT INTO `t_zone` VALUES ('440703', '蓬江区', '440000', '440700');
INSERT INTO `t_zone` VALUES ('440704', '江海区', '440000', '440700');
INSERT INTO `t_zone` VALUES ('440705', '新会区', '440000', '440700');
INSERT INTO `t_zone` VALUES ('440781', '台山市', '440000', '440700');
INSERT INTO `t_zone` VALUES ('440783', '开平市', '440000', '440700');
INSERT INTO `t_zone` VALUES ('440784', '鹤山市', '440000', '440700');
INSERT INTO `t_zone` VALUES ('440785', '恩平市', '440000', '440700');
INSERT INTO `t_zone` VALUES ('440802', '赤坎区', '440000', '440800');
INSERT INTO `t_zone` VALUES ('440803', '霞山区', '440000', '440800');
INSERT INTO `t_zone` VALUES ('440804', '坡头区', '440000', '440800');
INSERT INTO `t_zone` VALUES ('440811', '麻章区', '440000', '440800');
INSERT INTO `t_zone` VALUES ('440823', '遂溪县', '440000', '440800');
INSERT INTO `t_zone` VALUES ('440825', '徐闻县', '440000', '440800');
INSERT INTO `t_zone` VALUES ('440881', '廉江市', '440000', '440800');
INSERT INTO `t_zone` VALUES ('440882', '雷州市', '440000', '440800');
INSERT INTO `t_zone` VALUES ('440883', '吴川市', '440000', '440800');
INSERT INTO `t_zone` VALUES ('440902', '茂南区', '440000', '440900');
INSERT INTO `t_zone` VALUES ('440904', '电白区', '440000', '440900');
INSERT INTO `t_zone` VALUES ('440981', '高州市', '440000', '440900');
INSERT INTO `t_zone` VALUES ('440982', '化州市', '440000', '440900');
INSERT INTO `t_zone` VALUES ('440983', '信宜市', '440000', '440900');
INSERT INTO `t_zone` VALUES ('441202', '端州区', '440000', '441200');
INSERT INTO `t_zone` VALUES ('441203', '鼎湖区', '440000', '441200');
INSERT INTO `t_zone` VALUES ('441204', '高要区', '440000', '441200');
INSERT INTO `t_zone` VALUES ('441223', '广宁县', '440000', '441200');
INSERT INTO `t_zone` VALUES ('441224', '怀集县', '440000', '441200');
INSERT INTO `t_zone` VALUES ('441225', '封开县', '440000', '441200');
INSERT INTO `t_zone` VALUES ('441226', '德庆县', '440000', '441200');
INSERT INTO `t_zone` VALUES ('441284', '四会市', '440000', '441200');
INSERT INTO `t_zone` VALUES ('441302', '惠城区', '440000', '441300');
INSERT INTO `t_zone` VALUES ('441303', '惠阳区', '440000', '441300');
INSERT INTO `t_zone` VALUES ('441322', '博罗县', '440000', '441300');
INSERT INTO `t_zone` VALUES ('441323', '惠东县', '440000', '441300');
INSERT INTO `t_zone` VALUES ('441324', '龙门县', '440000', '441300');
INSERT INTO `t_zone` VALUES ('441402', '梅江区', '440000', '441400');
INSERT INTO `t_zone` VALUES ('441403', '梅县区', '440000', '441400');
INSERT INTO `t_zone` VALUES ('441422', '大埔县', '440000', '441400');
INSERT INTO `t_zone` VALUES ('441423', '丰顺县', '440000', '441400');
INSERT INTO `t_zone` VALUES ('441424', '五华县', '440000', '441400');
INSERT INTO `t_zone` VALUES ('441426', '平远县', '440000', '441400');
INSERT INTO `t_zone` VALUES ('441427', '蕉岭县', '440000', '441400');
INSERT INTO `t_zone` VALUES ('441481', '兴宁市', '440000', '441400');
INSERT INTO `t_zone` VALUES ('441502', '城区', '440000', '441500');
INSERT INTO `t_zone` VALUES ('441521', '海丰县', '440000', '441500');
INSERT INTO `t_zone` VALUES ('441523', '陆河县', '440000', '441500');
INSERT INTO `t_zone` VALUES ('441581', '陆丰市', '440000', '441500');
INSERT INTO `t_zone` VALUES ('441602', '源城区', '440000', '441600');
INSERT INTO `t_zone` VALUES ('441621', '紫金县', '440000', '441600');
INSERT INTO `t_zone` VALUES ('441622', '龙川县', '440000', '441600');
INSERT INTO `t_zone` VALUES ('441623', '连平县', '440000', '441600');
INSERT INTO `t_zone` VALUES ('441624', '和平县', '440000', '441600');
INSERT INTO `t_zone` VALUES ('441625', '东源县', '440000', '441600');
INSERT INTO `t_zone` VALUES ('441702', '江城区', '440000', '441700');
INSERT INTO `t_zone` VALUES ('441704', '阳东区', '440000', '441700');
INSERT INTO `t_zone` VALUES ('441721', '阳西县', '440000', '441700');
INSERT INTO `t_zone` VALUES ('441781', '阳春市', '440000', '441700');
INSERT INTO `t_zone` VALUES ('441802', '清城区', '440000', '441800');
INSERT INTO `t_zone` VALUES ('441803', '清新区', '440000', '441800');
INSERT INTO `t_zone` VALUES ('441821', '佛冈县', '440000', '441800');
INSERT INTO `t_zone` VALUES ('441823', '阳山县', '440000', '441800');
INSERT INTO `t_zone` VALUES ('441825', '连山壮族瑶族自治县', '440000', '441800');
INSERT INTO `t_zone` VALUES ('441826', '连南瑶族自治县', '440000', '441800');
INSERT INTO `t_zone` VALUES ('441881', '英德市', '440000', '441800');
INSERT INTO `t_zone` VALUES ('441882', '连州市', '440000', '441800');
INSERT INTO `t_zone` VALUES ('445102', '湘桥区', '440000', '445100');
INSERT INTO `t_zone` VALUES ('445103', '潮安区', '440000', '445100');
INSERT INTO `t_zone` VALUES ('445122', '饶平县', '440000', '445100');
INSERT INTO `t_zone` VALUES ('445202', '榕城区', '440000', '445200');
INSERT INTO `t_zone` VALUES ('445203', '揭东区', '440000', '445200');
INSERT INTO `t_zone` VALUES ('445222', '揭西县', '440000', '445200');
INSERT INTO `t_zone` VALUES ('445224', '惠来县', '440000', '445200');
INSERT INTO `t_zone` VALUES ('445281', '普宁市', '440000', '445200');
INSERT INTO `t_zone` VALUES ('445302', '云城区', '440000', '445300');
INSERT INTO `t_zone` VALUES ('445303', '云安区', '440000', '445300');
INSERT INTO `t_zone` VALUES ('445321', '新兴县', '440000', '445300');
INSERT INTO `t_zone` VALUES ('445322', '郁南县', '440000', '445300');
INSERT INTO `t_zone` VALUES ('445381', '罗定市', '440000', '445300');
INSERT INTO `t_zone` VALUES ('450102', '兴宁区', '450000', '450100');
INSERT INTO `t_zone` VALUES ('450103', '青秀区', '450000', '450100');
INSERT INTO `t_zone` VALUES ('450105', '江南区', '450000', '450100');
INSERT INTO `t_zone` VALUES ('450107', '西乡塘区', '450000', '450100');
INSERT INTO `t_zone` VALUES ('450108', '良庆区', '450000', '450100');
INSERT INTO `t_zone` VALUES ('450109', '邕宁区', '450000', '450100');
INSERT INTO `t_zone` VALUES ('450110', '武鸣区', '450000', '450100');
INSERT INTO `t_zone` VALUES ('450123', '隆安县', '450000', '450100');
INSERT INTO `t_zone` VALUES ('450124', '马山县', '450000', '450100');
INSERT INTO `t_zone` VALUES ('450125', '上林县', '450000', '450100');
INSERT INTO `t_zone` VALUES ('450126', '宾阳县', '450000', '450100');
INSERT INTO `t_zone` VALUES ('450127', '横县', '450000', '450100');
INSERT INTO `t_zone` VALUES ('450202', '城中区', '450000', '450200');
INSERT INTO `t_zone` VALUES ('450203', '鱼峰区', '450000', '450200');
INSERT INTO `t_zone` VALUES ('450204', '柳南区', '450000', '450200');
INSERT INTO `t_zone` VALUES ('450205', '柳北区', '450000', '450200');
INSERT INTO `t_zone` VALUES ('450206', '柳江区', '450000', '450200');
INSERT INTO `t_zone` VALUES ('450222', '柳城县', '450000', '450200');
INSERT INTO `t_zone` VALUES ('450223', '鹿寨县', '450000', '450200');
INSERT INTO `t_zone` VALUES ('450224', '融安县', '450000', '450200');
INSERT INTO `t_zone` VALUES ('450225', '融水苗族自治县', '450000', '450200');
INSERT INTO `t_zone` VALUES ('450226', '三江侗族自治县', '450000', '450200');
INSERT INTO `t_zone` VALUES ('450302', '秀峰区', '450000', '450300');
INSERT INTO `t_zone` VALUES ('450303', '叠彩区', '450000', '450300');
INSERT INTO `t_zone` VALUES ('450304', '象山区', '450000', '450300');
INSERT INTO `t_zone` VALUES ('450305', '七星区', '450000', '450300');
INSERT INTO `t_zone` VALUES ('450311', '雁山区', '450000', '450300');
INSERT INTO `t_zone` VALUES ('450312', '临桂区', '450000', '450300');
INSERT INTO `t_zone` VALUES ('450321', '阳朔县', '450000', '450300');
INSERT INTO `t_zone` VALUES ('450323', '灵川县', '450000', '450300');
INSERT INTO `t_zone` VALUES ('450324', '全州县', '450000', '450300');
INSERT INTO `t_zone` VALUES ('450325', '兴安县', '450000', '450300');
INSERT INTO `t_zone` VALUES ('450326', '永福县', '450000', '450300');
INSERT INTO `t_zone` VALUES ('450327', '灌阳县', '450000', '450300');
INSERT INTO `t_zone` VALUES ('450328', '龙胜各族自治县', '450000', '450300');
INSERT INTO `t_zone` VALUES ('450329', '资源县', '450000', '450300');
INSERT INTO `t_zone` VALUES ('450330', '平乐县', '450000', '450300');
INSERT INTO `t_zone` VALUES ('450332', '恭城瑶族自治县', '450000', '450300');
INSERT INTO `t_zone` VALUES ('450381', '荔浦市', '450000', '450300');
INSERT INTO `t_zone` VALUES ('450403', '万秀区', '450000', '450400');
INSERT INTO `t_zone` VALUES ('450405', '长洲区', '450000', '450400');
INSERT INTO `t_zone` VALUES ('450406', '龙圩区', '450000', '450400');
INSERT INTO `t_zone` VALUES ('450421', '苍梧县', '450000', '450400');
INSERT INTO `t_zone` VALUES ('450422', '藤县', '450000', '450400');
INSERT INTO `t_zone` VALUES ('450423', '蒙山县', '450000', '450400');
INSERT INTO `t_zone` VALUES ('450481', '岑溪市', '450000', '450400');
INSERT INTO `t_zone` VALUES ('450502', '海城区', '450000', '450500');
INSERT INTO `t_zone` VALUES ('450503', '银海区', '450000', '450500');
INSERT INTO `t_zone` VALUES ('450512', '铁山港区', '450000', '450500');
INSERT INTO `t_zone` VALUES ('450521', '合浦县', '450000', '450500');
INSERT INTO `t_zone` VALUES ('450602', '港口区', '450000', '450600');
INSERT INTO `t_zone` VALUES ('450603', '防城区', '450000', '450600');
INSERT INTO `t_zone` VALUES ('450621', '上思县', '450000', '450600');
INSERT INTO `t_zone` VALUES ('450681', '东兴市', '450000', '450600');
INSERT INTO `t_zone` VALUES ('450702', '钦南区', '450000', '450700');
INSERT INTO `t_zone` VALUES ('450703', '钦北区', '450000', '450700');
INSERT INTO `t_zone` VALUES ('450721', '灵山县', '450000', '450700');
INSERT INTO `t_zone` VALUES ('450722', '浦北县', '450000', '450700');
INSERT INTO `t_zone` VALUES ('450802', '港北区', '450000', '450800');
INSERT INTO `t_zone` VALUES ('450803', '港南区', '450000', '450800');
INSERT INTO `t_zone` VALUES ('450804', '覃塘区', '450000', '450800');
INSERT INTO `t_zone` VALUES ('450821', '平南县', '450000', '450800');
INSERT INTO `t_zone` VALUES ('450881', '桂平市', '450000', '450800');
INSERT INTO `t_zone` VALUES ('450902', '玉州区', '450000', '450900');
INSERT INTO `t_zone` VALUES ('450903', '福绵区', '450000', '450900');
INSERT INTO `t_zone` VALUES ('450921', '容县', '450000', '450900');
INSERT INTO `t_zone` VALUES ('450922', '陆川县', '450000', '450900');
INSERT INTO `t_zone` VALUES ('450923', '博白县', '450000', '450900');
INSERT INTO `t_zone` VALUES ('450924', '兴业县', '450000', '450900');
INSERT INTO `t_zone` VALUES ('450981', '北流市', '450000', '450900');
INSERT INTO `t_zone` VALUES ('451002', '右江区', '450000', '451000');
INSERT INTO `t_zone` VALUES ('451003', '田阳区', '450000', '451000');
INSERT INTO `t_zone` VALUES ('451022', '田东县', '450000', '451000');
INSERT INTO `t_zone` VALUES ('451024', '德保县', '450000', '451000');
INSERT INTO `t_zone` VALUES ('451026', '那坡县', '450000', '451000');
INSERT INTO `t_zone` VALUES ('451027', '凌云县', '450000', '451000');
INSERT INTO `t_zone` VALUES ('451028', '乐业县', '450000', '451000');
INSERT INTO `t_zone` VALUES ('451029', '田林县', '450000', '451000');
INSERT INTO `t_zone` VALUES ('451030', '西林县', '450000', '451000');
INSERT INTO `t_zone` VALUES ('451031', '隆林各族自治县', '450000', '451000');
INSERT INTO `t_zone` VALUES ('451081', '靖西市', '450000', '451000');
INSERT INTO `t_zone` VALUES ('451082', '平果市', '450000', '451000');
INSERT INTO `t_zone` VALUES ('451102', '八步区', '450000', '451100');
INSERT INTO `t_zone` VALUES ('451103', '平桂区', '450000', '451100');
INSERT INTO `t_zone` VALUES ('451121', '昭平县', '450000', '451100');
INSERT INTO `t_zone` VALUES ('451122', '钟山县', '450000', '451100');
INSERT INTO `t_zone` VALUES ('451123', '富川瑶族自治县', '450000', '451100');
INSERT INTO `t_zone` VALUES ('451202', '金城江区', '450000', '451200');
INSERT INTO `t_zone` VALUES ('451203', '宜州区', '450000', '451200');
INSERT INTO `t_zone` VALUES ('451221', '南丹县', '450000', '451200');
INSERT INTO `t_zone` VALUES ('451222', '天峨县', '450000', '451200');
INSERT INTO `t_zone` VALUES ('451223', '凤山县', '450000', '451200');
INSERT INTO `t_zone` VALUES ('451224', '东兰县', '450000', '451200');
INSERT INTO `t_zone` VALUES ('451225', '罗城仫佬族自治县', '450000', '451200');
INSERT INTO `t_zone` VALUES ('451226', '环江毛南族自治县', '450000', '451200');
INSERT INTO `t_zone` VALUES ('451227', '巴马瑶族自治县', '450000', '451200');
INSERT INTO `t_zone` VALUES ('451228', '都安瑶族自治县', '450000', '451200');
INSERT INTO `t_zone` VALUES ('451229', '大化瑶族自治县', '450000', '451200');
INSERT INTO `t_zone` VALUES ('451302', '兴宾区', '450000', '451300');
INSERT INTO `t_zone` VALUES ('451321', '忻城县', '450000', '451300');
INSERT INTO `t_zone` VALUES ('451322', '象州县', '450000', '451300');
INSERT INTO `t_zone` VALUES ('451323', '武宣县', '450000', '451300');
INSERT INTO `t_zone` VALUES ('451324', '金秀瑶族自治县', '450000', '451300');
INSERT INTO `t_zone` VALUES ('451381', '合山市', '450000', '451300');
INSERT INTO `t_zone` VALUES ('451402', '江州区', '450000', '451400');
INSERT INTO `t_zone` VALUES ('451421', '扶绥县', '450000', '451400');
INSERT INTO `t_zone` VALUES ('451422', '宁明县', '450000', '451400');
INSERT INTO `t_zone` VALUES ('451423', '龙州县', '450000', '451400');
INSERT INTO `t_zone` VALUES ('451424', '大新县', '450000', '451400');
INSERT INTO `t_zone` VALUES ('451425', '天等县', '450000', '451400');
INSERT INTO `t_zone` VALUES ('451481', '凭祥市', '450000', '451400');
INSERT INTO `t_zone` VALUES ('460105', '秀英区', '460000', '460100');
INSERT INTO `t_zone` VALUES ('460106', '龙华区', '460000', '460100');
INSERT INTO `t_zone` VALUES ('460107', '琼山区', '460000', '460100');
INSERT INTO `t_zone` VALUES ('460108', '美兰区', '460000', '460100');
INSERT INTO `t_zone` VALUES ('460202', '海棠区', '460000', '460200');
INSERT INTO `t_zone` VALUES ('460203', '吉阳区', '460000', '460200');
INSERT INTO `t_zone` VALUES ('460204', '天涯区', '460000', '460200');
INSERT INTO `t_zone` VALUES ('460205', '崖州区', '460000', '460200');
INSERT INTO `t_zone` VALUES ('469001', '五指山市', '460000', '469000');
INSERT INTO `t_zone` VALUES ('469002', '琼海市', '460000', '469000');
INSERT INTO `t_zone` VALUES ('469005', '文昌市', '460000', '469000');
INSERT INTO `t_zone` VALUES ('469006', '万宁市', '460000', '469000');
INSERT INTO `t_zone` VALUES ('469007', '东方市', '460000', '469000');
INSERT INTO `t_zone` VALUES ('469021', '定安县', '460000', '469000');
INSERT INTO `t_zone` VALUES ('469022', '屯昌县', '460000', '469000');
INSERT INTO `t_zone` VALUES ('469023', '澄迈县', '460000', '469000');
INSERT INTO `t_zone` VALUES ('469024', '临高县', '460000', '469000');
INSERT INTO `t_zone` VALUES ('469025', '白沙黎族自治县', '460000', '469000');
INSERT INTO `t_zone` VALUES ('469026', '昌江黎族自治县', '460000', '469000');
INSERT INTO `t_zone` VALUES ('469027', '乐东黎族自治县', '460000', '469000');
INSERT INTO `t_zone` VALUES ('469028', '陵水黎族自治县', '460000', '469000');
INSERT INTO `t_zone` VALUES ('469029', '保亭黎族苗族自治县', '460000', '469000');
INSERT INTO `t_zone` VALUES ('469030', '琼中黎族苗族自治县', '460000', '469000');
INSERT INTO `t_zone` VALUES ('500101', '万州区', '500000', '500100');
INSERT INTO `t_zone` VALUES ('500102', '涪陵区', '500000', '500100');
INSERT INTO `t_zone` VALUES ('500103', '渝中区', '500000', '500100');
INSERT INTO `t_zone` VALUES ('500104', '大渡口区', '500000', '500100');
INSERT INTO `t_zone` VALUES ('500105', '江北区', '500000', '500100');
INSERT INTO `t_zone` VALUES ('500106', '沙坪坝区', '500000', '500100');
INSERT INTO `t_zone` VALUES ('500107', '九龙坡区', '500000', '500100');
INSERT INTO `t_zone` VALUES ('500108', '南岸区', '500000', '500100');
INSERT INTO `t_zone` VALUES ('500109', '北碚区', '500000', '500100');
INSERT INTO `t_zone` VALUES ('500110', '綦江区', '500000', '500100');
INSERT INTO `t_zone` VALUES ('500111', '大足区', '500000', '500100');
INSERT INTO `t_zone` VALUES ('500112', '渝北区', '500000', '500100');
INSERT INTO `t_zone` VALUES ('500113', '巴南区', '500000', '500100');
INSERT INTO `t_zone` VALUES ('500114', '黔江区', '500000', '500100');
INSERT INTO `t_zone` VALUES ('500115', '长寿区', '500000', '500100');
INSERT INTO `t_zone` VALUES ('500116', '江津区', '500000', '500100');
INSERT INTO `t_zone` VALUES ('500117', '合川区', '500000', '500100');
INSERT INTO `t_zone` VALUES ('500118', '永川区', '500000', '500100');
INSERT INTO `t_zone` VALUES ('500119', '南川区', '500000', '500100');
INSERT INTO `t_zone` VALUES ('500120', '璧山区', '500000', '500100');
INSERT INTO `t_zone` VALUES ('500151', '铜梁区', '500000', '500100');
INSERT INTO `t_zone` VALUES ('500152', '潼南区', '500000', '500100');
INSERT INTO `t_zone` VALUES ('500153', '荣昌区', '500000', '500100');
INSERT INTO `t_zone` VALUES ('500154', '开州区', '500000', '500100');
INSERT INTO `t_zone` VALUES ('500155', '梁平区', '500000', '500100');
INSERT INTO `t_zone` VALUES ('500156', '武隆区', '500000', '500100');
INSERT INTO `t_zone` VALUES ('500229', '城口县', '500000', '500200');
INSERT INTO `t_zone` VALUES ('500230', '丰都县', '500000', '500200');
INSERT INTO `t_zone` VALUES ('500231', '垫江县', '500000', '500200');
INSERT INTO `t_zone` VALUES ('500233', '忠县', '500000', '500200');
INSERT INTO `t_zone` VALUES ('500235', '云阳县', '500000', '500200');
INSERT INTO `t_zone` VALUES ('500236', '奉节县', '500000', '500200');
INSERT INTO `t_zone` VALUES ('500237', '巫山县', '500000', '500200');
INSERT INTO `t_zone` VALUES ('500238', '巫溪县', '500000', '500200');
INSERT INTO `t_zone` VALUES ('500240', '石柱土家族自治县', '500000', '500200');
INSERT INTO `t_zone` VALUES ('500241', '秀山土家族苗族自治县', '500000', '500200');
INSERT INTO `t_zone` VALUES ('500242', '酉阳土家族苗族自治县', '500000', '500200');
INSERT INTO `t_zone` VALUES ('500243', '彭水苗族土家族自治县', '500000', '500200');
INSERT INTO `t_zone` VALUES ('510104', '锦江区', '510000', '510100');
INSERT INTO `t_zone` VALUES ('510105', '青羊区', '510000', '510100');
INSERT INTO `t_zone` VALUES ('510106', '金牛区', '510000', '510100');
INSERT INTO `t_zone` VALUES ('510107', '武侯区', '510000', '510100');
INSERT INTO `t_zone` VALUES ('510108', '成华区', '510000', '510100');
INSERT INTO `t_zone` VALUES ('510112', '龙泉驿区', '510000', '510100');
INSERT INTO `t_zone` VALUES ('510113', '青白江区', '510000', '510100');
INSERT INTO `t_zone` VALUES ('510114', '新都区', '510000', '510100');
INSERT INTO `t_zone` VALUES ('510115', '温江区', '510000', '510100');
INSERT INTO `t_zone` VALUES ('510116', '双流区', '510000', '510100');
INSERT INTO `t_zone` VALUES ('510117', '郫都区', '510000', '510100');
INSERT INTO `t_zone` VALUES ('510121', '金堂县', '510000', '510100');
INSERT INTO `t_zone` VALUES ('510129', '大邑县', '510000', '510100');
INSERT INTO `t_zone` VALUES ('510131', '蒲江县', '510000', '510100');
INSERT INTO `t_zone` VALUES ('510132', '新津县', '510000', '510100');
INSERT INTO `t_zone` VALUES ('510181', '都江堰市', '510000', '510100');
INSERT INTO `t_zone` VALUES ('510182', '彭州市', '510000', '510100');
INSERT INTO `t_zone` VALUES ('510183', '邛崃市', '510000', '510100');
INSERT INTO `t_zone` VALUES ('510184', '崇州市', '510000', '510100');
INSERT INTO `t_zone` VALUES ('510185', '简阳市', '510000', '510100');
INSERT INTO `t_zone` VALUES ('510302', '自流井区', '510000', '510300');
INSERT INTO `t_zone` VALUES ('510303', '贡井区', '510000', '510300');
INSERT INTO `t_zone` VALUES ('510304', '大安区', '510000', '510300');
INSERT INTO `t_zone` VALUES ('510311', '沿滩区', '510000', '510300');
INSERT INTO `t_zone` VALUES ('510321', '荣县', '510000', '510300');
INSERT INTO `t_zone` VALUES ('510322', '富顺县', '510000', '510300');
INSERT INTO `t_zone` VALUES ('510402', '东区', '510000', '510400');
INSERT INTO `t_zone` VALUES ('510403', '西区', '510000', '510400');
INSERT INTO `t_zone` VALUES ('510411', '仁和区', '510000', '510400');
INSERT INTO `t_zone` VALUES ('510421', '米易县', '510000', '510400');
INSERT INTO `t_zone` VALUES ('510422', '盐边县', '510000', '510400');
INSERT INTO `t_zone` VALUES ('510502', '江阳区', '510000', '510500');
INSERT INTO `t_zone` VALUES ('510503', '纳溪区', '510000', '510500');
INSERT INTO `t_zone` VALUES ('510504', '龙马潭区', '510000', '510500');
INSERT INTO `t_zone` VALUES ('510521', '泸县', '510000', '510500');
INSERT INTO `t_zone` VALUES ('510522', '合江县', '510000', '510500');
INSERT INTO `t_zone` VALUES ('510524', '叙永县', '510000', '510500');
INSERT INTO `t_zone` VALUES ('510525', '古蔺县', '510000', '510500');
INSERT INTO `t_zone` VALUES ('510603', '旌阳区', '510000', '510600');
INSERT INTO `t_zone` VALUES ('510604', '罗江区', '510000', '510600');
INSERT INTO `t_zone` VALUES ('510623', '中江县', '510000', '510600');
INSERT INTO `t_zone` VALUES ('510681', '广汉市', '510000', '510600');
INSERT INTO `t_zone` VALUES ('510682', '什邡市', '510000', '510600');
INSERT INTO `t_zone` VALUES ('510683', '绵竹市', '510000', '510600');
INSERT INTO `t_zone` VALUES ('510703', '涪城区', '510000', '510700');
INSERT INTO `t_zone` VALUES ('510704', '游仙区', '510000', '510700');
INSERT INTO `t_zone` VALUES ('510705', '安州区', '510000', '510700');
INSERT INTO `t_zone` VALUES ('510722', '三台县', '510000', '510700');
INSERT INTO `t_zone` VALUES ('510723', '盐亭县', '510000', '510700');
INSERT INTO `t_zone` VALUES ('510725', '梓潼县', '510000', '510700');
INSERT INTO `t_zone` VALUES ('510726', '北川羌族自治县', '510000', '510700');
INSERT INTO `t_zone` VALUES ('510727', '平武县', '510000', '510700');
INSERT INTO `t_zone` VALUES ('510781', '江油市', '510000', '510700');
INSERT INTO `t_zone` VALUES ('510802', '利州区', '510000', '510800');
INSERT INTO `t_zone` VALUES ('510811', '昭化区', '510000', '510800');
INSERT INTO `t_zone` VALUES ('510812', '朝天区', '510000', '510800');
INSERT INTO `t_zone` VALUES ('510821', '旺苍县', '510000', '510800');
INSERT INTO `t_zone` VALUES ('510822', '青川县', '510000', '510800');
INSERT INTO `t_zone` VALUES ('510823', '剑阁县', '510000', '510800');
INSERT INTO `t_zone` VALUES ('510824', '苍溪县', '510000', '510800');
INSERT INTO `t_zone` VALUES ('510903', '船山区', '510000', '510900');
INSERT INTO `t_zone` VALUES ('510904', '安居区', '510000', '510900');
INSERT INTO `t_zone` VALUES ('510921', '蓬溪县', '510000', '510900');
INSERT INTO `t_zone` VALUES ('510923', '大英县', '510000', '510900');
INSERT INTO `t_zone` VALUES ('510981', '射洪市', '510000', '510900');
INSERT INTO `t_zone` VALUES ('511002', '市中区', '510000', '511000');
INSERT INTO `t_zone` VALUES ('511011', '东兴区', '510000', '511000');
INSERT INTO `t_zone` VALUES ('511024', '威远县', '510000', '511000');
INSERT INTO `t_zone` VALUES ('511025', '资中县', '510000', '511000');
INSERT INTO `t_zone` VALUES ('511083', '隆昌市', '510000', '511000');
INSERT INTO `t_zone` VALUES ('511102', '市中区', '510000', '511100');
INSERT INTO `t_zone` VALUES ('511111', '沙湾区', '510000', '511100');
INSERT INTO `t_zone` VALUES ('511112', '五通桥区', '510000', '511100');
INSERT INTO `t_zone` VALUES ('511113', '金口河区', '510000', '511100');
INSERT INTO `t_zone` VALUES ('511123', '犍为县', '510000', '511100');
INSERT INTO `t_zone` VALUES ('511124', '井研县', '510000', '511100');
INSERT INTO `t_zone` VALUES ('511126', '夹江县', '510000', '511100');
INSERT INTO `t_zone` VALUES ('511129', '沐川县', '510000', '511100');
INSERT INTO `t_zone` VALUES ('511132', '峨边彝族自治县', '510000', '511100');
INSERT INTO `t_zone` VALUES ('511133', '马边彝族自治县', '510000', '511100');
INSERT INTO `t_zone` VALUES ('511181', '峨眉山市', '510000', '511100');
INSERT INTO `t_zone` VALUES ('511302', '顺庆区', '510000', '511300');
INSERT INTO `t_zone` VALUES ('511303', '高坪区', '510000', '511300');
INSERT INTO `t_zone` VALUES ('511304', '嘉陵区', '510000', '511300');
INSERT INTO `t_zone` VALUES ('511321', '南部县', '510000', '511300');
INSERT INTO `t_zone` VALUES ('511322', '营山县', '510000', '511300');
INSERT INTO `t_zone` VALUES ('511323', '蓬安县', '510000', '511300');
INSERT INTO `t_zone` VALUES ('511324', '仪陇县', '510000', '511300');
INSERT INTO `t_zone` VALUES ('511325', '西充县', '510000', '511300');
INSERT INTO `t_zone` VALUES ('511381', '阆中市', '510000', '511300');
INSERT INTO `t_zone` VALUES ('511402', '东坡区', '510000', '511400');
INSERT INTO `t_zone` VALUES ('511403', '彭山区', '510000', '511400');
INSERT INTO `t_zone` VALUES ('511421', '仁寿县', '510000', '511400');
INSERT INTO `t_zone` VALUES ('511423', '洪雅县', '510000', '511400');
INSERT INTO `t_zone` VALUES ('511424', '丹棱县', '510000', '511400');
INSERT INTO `t_zone` VALUES ('511425', '青神县', '510000', '511400');
INSERT INTO `t_zone` VALUES ('511502', '翠屏区', '510000', '511500');
INSERT INTO `t_zone` VALUES ('511503', '南溪区', '510000', '511500');
INSERT INTO `t_zone` VALUES ('511504', '叙州区', '510000', '511500');
INSERT INTO `t_zone` VALUES ('511523', '江安县', '510000', '511500');
INSERT INTO `t_zone` VALUES ('511524', '长宁县', '510000', '511500');
INSERT INTO `t_zone` VALUES ('511525', '高县', '510000', '511500');
INSERT INTO `t_zone` VALUES ('511526', '珙县', '510000', '511500');
INSERT INTO `t_zone` VALUES ('511527', '筠连县', '510000', '511500');
INSERT INTO `t_zone` VALUES ('511528', '兴文县', '510000', '511500');
INSERT INTO `t_zone` VALUES ('511529', '屏山县', '510000', '511500');
INSERT INTO `t_zone` VALUES ('511602', '广安区', '510000', '511600');
INSERT INTO `t_zone` VALUES ('511603', '前锋区', '510000', '511600');
INSERT INTO `t_zone` VALUES ('511621', '岳池县', '510000', '511600');
INSERT INTO `t_zone` VALUES ('511622', '武胜县', '510000', '511600');
INSERT INTO `t_zone` VALUES ('511623', '邻水县', '510000', '511600');
INSERT INTO `t_zone` VALUES ('511681', '华蓥市', '510000', '511600');
INSERT INTO `t_zone` VALUES ('511702', '通川区', '510000', '511700');
INSERT INTO `t_zone` VALUES ('511703', '达川区', '510000', '511700');
INSERT INTO `t_zone` VALUES ('511722', '宣汉县', '510000', '511700');
INSERT INTO `t_zone` VALUES ('511723', '开江县', '510000', '511700');
INSERT INTO `t_zone` VALUES ('511724', '大竹县', '510000', '511700');
INSERT INTO `t_zone` VALUES ('511725', '渠县', '510000', '511700');
INSERT INTO `t_zone` VALUES ('511781', '万源市', '510000', '511700');
INSERT INTO `t_zone` VALUES ('511802', '雨城区', '510000', '511800');
INSERT INTO `t_zone` VALUES ('511803', '名山区', '510000', '511800');
INSERT INTO `t_zone` VALUES ('511822', '荥经县', '510000', '511800');
INSERT INTO `t_zone` VALUES ('511823', '汉源县', '510000', '511800');
INSERT INTO `t_zone` VALUES ('511824', '石棉县', '510000', '511800');
INSERT INTO `t_zone` VALUES ('511825', '天全县', '510000', '511800');
INSERT INTO `t_zone` VALUES ('511826', '芦山县', '510000', '511800');
INSERT INTO `t_zone` VALUES ('511827', '宝兴县', '510000', '511800');
INSERT INTO `t_zone` VALUES ('511902', '巴州区', '510000', '511900');
INSERT INTO `t_zone` VALUES ('511903', '恩阳区', '510000', '511900');
INSERT INTO `t_zone` VALUES ('511921', '通江县', '510000', '511900');
INSERT INTO `t_zone` VALUES ('511922', '南江县', '510000', '511900');
INSERT INTO `t_zone` VALUES ('511923', '平昌县', '510000', '511900');
INSERT INTO `t_zone` VALUES ('512002', '雁江区', '510000', '512000');
INSERT INTO `t_zone` VALUES ('512021', '安岳县', '510000', '512000');
INSERT INTO `t_zone` VALUES ('512022', '乐至县', '510000', '512000');
INSERT INTO `t_zone` VALUES ('513201', '马尔康市', '510000', '513200');
INSERT INTO `t_zone` VALUES ('513221', '汶川县', '510000', '513200');
INSERT INTO `t_zone` VALUES ('513222', '理县', '510000', '513200');
INSERT INTO `t_zone` VALUES ('513223', '茂县', '510000', '513200');
INSERT INTO `t_zone` VALUES ('513224', '松潘县', '510000', '513200');
INSERT INTO `t_zone` VALUES ('513225', '九寨沟县', '510000', '513200');
INSERT INTO `t_zone` VALUES ('513226', '金川县', '510000', '513200');
INSERT INTO `t_zone` VALUES ('513227', '小金县', '510000', '513200');
INSERT INTO `t_zone` VALUES ('513228', '黑水县', '510000', '513200');
INSERT INTO `t_zone` VALUES ('513230', '壤塘县', '510000', '513200');
INSERT INTO `t_zone` VALUES ('513231', '阿坝县', '510000', '513200');
INSERT INTO `t_zone` VALUES ('513232', '若尔盖县', '510000', '513200');
INSERT INTO `t_zone` VALUES ('513233', '红原县', '510000', '513200');
INSERT INTO `t_zone` VALUES ('513301', '康定市', '510000', '513300');
INSERT INTO `t_zone` VALUES ('513322', '泸定县', '510000', '513300');
INSERT INTO `t_zone` VALUES ('513323', '丹巴县', '510000', '513300');
INSERT INTO `t_zone` VALUES ('513324', '九龙县', '510000', '513300');
INSERT INTO `t_zone` VALUES ('513325', '雅江县', '510000', '513300');
INSERT INTO `t_zone` VALUES ('513326', '道孚县', '510000', '513300');
INSERT INTO `t_zone` VALUES ('513327', '炉霍县', '510000', '513300');
INSERT INTO `t_zone` VALUES ('513328', '甘孜县', '510000', '513300');
INSERT INTO `t_zone` VALUES ('513329', '新龙县', '510000', '513300');
INSERT INTO `t_zone` VALUES ('513330', '德格县', '510000', '513300');
INSERT INTO `t_zone` VALUES ('513331', '白玉县', '510000', '513300');
INSERT INTO `t_zone` VALUES ('513332', '石渠县', '510000', '513300');
INSERT INTO `t_zone` VALUES ('513333', '色达县', '510000', '513300');
INSERT INTO `t_zone` VALUES ('513334', '理塘县', '510000', '513300');
INSERT INTO `t_zone` VALUES ('513335', '巴塘县', '510000', '513300');
INSERT INTO `t_zone` VALUES ('513336', '乡城县', '510000', '513300');
INSERT INTO `t_zone` VALUES ('513337', '稻城县', '510000', '513300');
INSERT INTO `t_zone` VALUES ('513338', '得荣县', '510000', '513300');
INSERT INTO `t_zone` VALUES ('513401', '西昌市', '510000', '513400');
INSERT INTO `t_zone` VALUES ('513422', '木里藏族自治县', '510000', '513400');
INSERT INTO `t_zone` VALUES ('513423', '盐源县', '510000', '513400');
INSERT INTO `t_zone` VALUES ('513424', '德昌县', '510000', '513400');
INSERT INTO `t_zone` VALUES ('513425', '会理县', '510000', '513400');
INSERT INTO `t_zone` VALUES ('513426', '会东县', '510000', '513400');
INSERT INTO `t_zone` VALUES ('513427', '宁南县', '510000', '513400');
INSERT INTO `t_zone` VALUES ('513428', '普格县', '510000', '513400');
INSERT INTO `t_zone` VALUES ('513429', '布拖县', '510000', '513400');
INSERT INTO `t_zone` VALUES ('513430', '金阳县', '510000', '513400');
INSERT INTO `t_zone` VALUES ('513431', '昭觉县', '510000', '513400');
INSERT INTO `t_zone` VALUES ('513432', '喜德县', '510000', '513400');
INSERT INTO `t_zone` VALUES ('513433', '冕宁县', '510000', '513400');
INSERT INTO `t_zone` VALUES ('513434', '越西县', '510000', '513400');
INSERT INTO `t_zone` VALUES ('513435', '甘洛县', '510000', '513400');
INSERT INTO `t_zone` VALUES ('513436', '美姑县', '510000', '513400');
INSERT INTO `t_zone` VALUES ('513437', '雷波县', '510000', '513400');
INSERT INTO `t_zone` VALUES ('520102', '南明区', '520000', '520100');
INSERT INTO `t_zone` VALUES ('520103', '云岩区', '520000', '520100');
INSERT INTO `t_zone` VALUES ('520111', '花溪区', '520000', '520100');
INSERT INTO `t_zone` VALUES ('520112', '乌当区', '520000', '520100');
INSERT INTO `t_zone` VALUES ('520113', '白云区', '520000', '520100');
INSERT INTO `t_zone` VALUES ('520115', '观山湖区', '520000', '520100');
INSERT INTO `t_zone` VALUES ('520121', '开阳县', '520000', '520100');
INSERT INTO `t_zone` VALUES ('520122', '息烽县', '520000', '520100');
INSERT INTO `t_zone` VALUES ('520123', '修文县', '520000', '520100');
INSERT INTO `t_zone` VALUES ('520181', '清镇市', '520000', '520100');
INSERT INTO `t_zone` VALUES ('520201', '钟山区', '520000', '520200');
INSERT INTO `t_zone` VALUES ('520203', '六枝特区', '520000', '520200');
INSERT INTO `t_zone` VALUES ('520221', '水城县', '520000', '520200');
INSERT INTO `t_zone` VALUES ('520281', '盘州市', '520000', '520200');
INSERT INTO `t_zone` VALUES ('520302', '红花岗区', '520000', '520300');
INSERT INTO `t_zone` VALUES ('520303', '汇川区', '520000', '520300');
INSERT INTO `t_zone` VALUES ('520304', '播州区', '520000', '520300');
INSERT INTO `t_zone` VALUES ('520322', '桐梓县', '520000', '520300');
INSERT INTO `t_zone` VALUES ('520323', '绥阳县', '520000', '520300');
INSERT INTO `t_zone` VALUES ('520324', '正安县', '520000', '520300');
INSERT INTO `t_zone` VALUES ('520325', '道真仡佬族苗族自治县', '520000', '520300');
INSERT INTO `t_zone` VALUES ('520326', '务川仡佬族苗族自治县', '520000', '520300');
INSERT INTO `t_zone` VALUES ('520327', '凤冈县', '520000', '520300');
INSERT INTO `t_zone` VALUES ('520328', '湄潭县', '520000', '520300');
INSERT INTO `t_zone` VALUES ('520329', '余庆县', '520000', '520300');
INSERT INTO `t_zone` VALUES ('520330', '习水县', '520000', '520300');
INSERT INTO `t_zone` VALUES ('520381', '赤水市', '520000', '520300');
INSERT INTO `t_zone` VALUES ('520382', '仁怀市', '520000', '520300');
INSERT INTO `t_zone` VALUES ('520402', '西秀区', '520000', '520400');
INSERT INTO `t_zone` VALUES ('520403', '平坝区', '520000', '520400');
INSERT INTO `t_zone` VALUES ('520422', '普定县', '520000', '520400');
INSERT INTO `t_zone` VALUES ('520423', '镇宁布依族苗族自治县', '520000', '520400');
INSERT INTO `t_zone` VALUES ('520424', '关岭布依族苗族自治县', '520000', '520400');
INSERT INTO `t_zone` VALUES ('520425', '紫云苗族布依族自治县', '520000', '520400');
INSERT INTO `t_zone` VALUES ('520502', '七星关区', '520000', '520500');
INSERT INTO `t_zone` VALUES ('520521', '大方县', '520000', '520500');
INSERT INTO `t_zone` VALUES ('520522', '黔西县', '520000', '520500');
INSERT INTO `t_zone` VALUES ('520523', '金沙县', '520000', '520500');
INSERT INTO `t_zone` VALUES ('520524', '织金县', '520000', '520500');
INSERT INTO `t_zone` VALUES ('520525', '纳雍县', '520000', '520500');
INSERT INTO `t_zone` VALUES ('520526', '威宁彝族回族苗族自治县', '520000', '520500');
INSERT INTO `t_zone` VALUES ('520527', '赫章县', '520000', '520500');
INSERT INTO `t_zone` VALUES ('520602', '碧江区', '520000', '520600');
INSERT INTO `t_zone` VALUES ('520603', '万山区', '520000', '520600');
INSERT INTO `t_zone` VALUES ('520621', '江口县', '520000', '520600');
INSERT INTO `t_zone` VALUES ('520622', '玉屏侗族自治县', '520000', '520600');
INSERT INTO `t_zone` VALUES ('520623', '石阡县', '520000', '520600');
INSERT INTO `t_zone` VALUES ('520624', '思南县', '520000', '520600');
INSERT INTO `t_zone` VALUES ('520625', '印江土家族苗族自治县', '520000', '520600');
INSERT INTO `t_zone` VALUES ('520626', '德江县', '520000', '520600');
INSERT INTO `t_zone` VALUES ('520627', '沿河土家族自治县', '520000', '520600');
INSERT INTO `t_zone` VALUES ('520628', '松桃苗族自治县', '520000', '520600');
INSERT INTO `t_zone` VALUES ('522301', '兴义市', '520000', '522300');
INSERT INTO `t_zone` VALUES ('522302', '兴仁市', '520000', '522300');
INSERT INTO `t_zone` VALUES ('522323', '普安县', '520000', '522300');
INSERT INTO `t_zone` VALUES ('522324', '晴隆县', '520000', '522300');
INSERT INTO `t_zone` VALUES ('522325', '贞丰县', '520000', '522300');
INSERT INTO `t_zone` VALUES ('522326', '望谟县', '520000', '522300');
INSERT INTO `t_zone` VALUES ('522327', '册亨县', '520000', '522300');
INSERT INTO `t_zone` VALUES ('522328', '安龙县', '520000', '522300');
INSERT INTO `t_zone` VALUES ('522601', '凯里市', '520000', '522600');
INSERT INTO `t_zone` VALUES ('522622', '黄平县', '520000', '522600');
INSERT INTO `t_zone` VALUES ('522623', '施秉县', '520000', '522600');
INSERT INTO `t_zone` VALUES ('522624', '三穗县', '520000', '522600');
INSERT INTO `t_zone` VALUES ('522625', '镇远县', '520000', '522600');
INSERT INTO `t_zone` VALUES ('522626', '岑巩县', '520000', '522600');
INSERT INTO `t_zone` VALUES ('522627', '天柱县', '520000', '522600');
INSERT INTO `t_zone` VALUES ('522628', '锦屏县', '520000', '522600');
INSERT INTO `t_zone` VALUES ('522629', '剑河县', '520000', '522600');
INSERT INTO `t_zone` VALUES ('522630', '台江县', '520000', '522600');
INSERT INTO `t_zone` VALUES ('522631', '黎平县', '520000', '522600');
INSERT INTO `t_zone` VALUES ('522632', '榕江县', '520000', '522600');
INSERT INTO `t_zone` VALUES ('522633', '从江县', '520000', '522600');
INSERT INTO `t_zone` VALUES ('522634', '雷山县', '520000', '522600');
INSERT INTO `t_zone` VALUES ('522635', '麻江县', '520000', '522600');
INSERT INTO `t_zone` VALUES ('522636', '丹寨县', '520000', '522600');
INSERT INTO `t_zone` VALUES ('522701', '都匀市', '520000', '522700');
INSERT INTO `t_zone` VALUES ('522702', '福泉市', '520000', '522700');
INSERT INTO `t_zone` VALUES ('522722', '荔波县', '520000', '522700');
INSERT INTO `t_zone` VALUES ('522723', '贵定县', '520000', '522700');
INSERT INTO `t_zone` VALUES ('522725', '瓮安县', '520000', '522700');
INSERT INTO `t_zone` VALUES ('522726', '独山县', '520000', '522700');
INSERT INTO `t_zone` VALUES ('522727', '平塘县', '520000', '522700');
INSERT INTO `t_zone` VALUES ('522728', '罗甸县', '520000', '522700');
INSERT INTO `t_zone` VALUES ('522729', '长顺县', '520000', '522700');
INSERT INTO `t_zone` VALUES ('522730', '龙里县', '520000', '522700');
INSERT INTO `t_zone` VALUES ('522731', '惠水县', '520000', '522700');
INSERT INTO `t_zone` VALUES ('522732', '三都水族自治县', '520000', '522700');
INSERT INTO `t_zone` VALUES ('530102', '五华区', '530000', '530100');
INSERT INTO `t_zone` VALUES ('530103', '盘龙区', '530000', '530100');
INSERT INTO `t_zone` VALUES ('530111', '官渡区', '530000', '530100');
INSERT INTO `t_zone` VALUES ('530112', '西山区', '530000', '530100');
INSERT INTO `t_zone` VALUES ('530113', '东川区', '530000', '530100');
INSERT INTO `t_zone` VALUES ('530114', '呈贡区', '530000', '530100');
INSERT INTO `t_zone` VALUES ('530115', '晋宁区', '530000', '530100');
INSERT INTO `t_zone` VALUES ('530124', '富民县', '530000', '530100');
INSERT INTO `t_zone` VALUES ('530125', '宜良县', '530000', '530100');
INSERT INTO `t_zone` VALUES ('530126', '石林彝族自治县', '530000', '530100');
INSERT INTO `t_zone` VALUES ('530127', '嵩明县', '530000', '530100');
INSERT INTO `t_zone` VALUES ('530128', '禄劝彝族苗族自治县', '530000', '530100');
INSERT INTO `t_zone` VALUES ('530129', '寻甸回族彝族自治县', '530000', '530100');
INSERT INTO `t_zone` VALUES ('530181', '安宁市', '530000', '530100');
INSERT INTO `t_zone` VALUES ('530302', '麒麟区', '530000', '530300');
INSERT INTO `t_zone` VALUES ('530303', '沾益区', '530000', '530300');
INSERT INTO `t_zone` VALUES ('530304', '马龙区', '530000', '530300');
INSERT INTO `t_zone` VALUES ('530322', '陆良县', '530000', '530300');
INSERT INTO `t_zone` VALUES ('530323', '师宗县', '530000', '530300');
INSERT INTO `t_zone` VALUES ('530324', '罗平县', '530000', '530300');
INSERT INTO `t_zone` VALUES ('530325', '富源县', '530000', '530300');
INSERT INTO `t_zone` VALUES ('530326', '会泽县', '530000', '530300');
INSERT INTO `t_zone` VALUES ('530381', '宣威市', '530000', '530300');
INSERT INTO `t_zone` VALUES ('530402', '红塔区', '530000', '530400');
INSERT INTO `t_zone` VALUES ('530403', '江川区', '530000', '530400');
INSERT INTO `t_zone` VALUES ('530423', '通海县', '530000', '530400');
INSERT INTO `t_zone` VALUES ('530424', '华宁县', '530000', '530400');
INSERT INTO `t_zone` VALUES ('530425', '易门县', '530000', '530400');
INSERT INTO `t_zone` VALUES ('530426', '峨山彝族自治县', '530000', '530400');
INSERT INTO `t_zone` VALUES ('530427', '新平彝族傣族自治县', '530000', '530400');
INSERT INTO `t_zone` VALUES ('530428', '元江哈尼族彝族傣族自治县', '530000', '530400');
INSERT INTO `t_zone` VALUES ('530481', '澄江市', '530000', '530400');
INSERT INTO `t_zone` VALUES ('530502', '隆阳区', '530000', '530500');
INSERT INTO `t_zone` VALUES ('530521', '施甸县', '530000', '530500');
INSERT INTO `t_zone` VALUES ('530523', '龙陵县', '530000', '530500');
INSERT INTO `t_zone` VALUES ('530524', '昌宁县', '530000', '530500');
INSERT INTO `t_zone` VALUES ('530581', '腾冲市', '530000', '530500');
INSERT INTO `t_zone` VALUES ('530602', '昭阳区', '530000', '530600');
INSERT INTO `t_zone` VALUES ('530621', '鲁甸县', '530000', '530600');
INSERT INTO `t_zone` VALUES ('530622', '巧家县', '530000', '530600');
INSERT INTO `t_zone` VALUES ('530623', '盐津县', '530000', '530600');
INSERT INTO `t_zone` VALUES ('530624', '大关县', '530000', '530600');
INSERT INTO `t_zone` VALUES ('530625', '永善县', '530000', '530600');
INSERT INTO `t_zone` VALUES ('530626', '绥江县', '530000', '530600');
INSERT INTO `t_zone` VALUES ('530627', '镇雄县', '530000', '530600');
INSERT INTO `t_zone` VALUES ('530628', '彝良县', '530000', '530600');
INSERT INTO `t_zone` VALUES ('530629', '威信县', '530000', '530600');
INSERT INTO `t_zone` VALUES ('530681', '水富市', '530000', '530600');
INSERT INTO `t_zone` VALUES ('530702', '古城区', '530000', '530700');
INSERT INTO `t_zone` VALUES ('530721', '玉龙纳西族自治县', '530000', '530700');
INSERT INTO `t_zone` VALUES ('530722', '永胜县', '530000', '530700');
INSERT INTO `t_zone` VALUES ('530723', '华坪县', '530000', '530700');
INSERT INTO `t_zone` VALUES ('530724', '宁蒗彝族自治县', '530000', '530700');
INSERT INTO `t_zone` VALUES ('530802', '思茅区', '530000', '530800');
INSERT INTO `t_zone` VALUES ('530821', '宁洱哈尼族彝族自治县', '530000', '530800');
INSERT INTO `t_zone` VALUES ('530822', '墨江哈尼族自治县', '530000', '530800');
INSERT INTO `t_zone` VALUES ('530823', '景东彝族自治县', '530000', '530800');
INSERT INTO `t_zone` VALUES ('530824', '景谷傣族彝族自治县', '530000', '530800');
INSERT INTO `t_zone` VALUES ('530825', '镇沅彝族哈尼族拉祜族自治县', '530000', '530800');
INSERT INTO `t_zone` VALUES ('530826', '江城哈尼族彝族自治县', '530000', '530800');
INSERT INTO `t_zone` VALUES ('530827', '孟连傣族拉祜族佤族自治县', '530000', '530800');
INSERT INTO `t_zone` VALUES ('530828', '澜沧拉祜族自治县', '530000', '530800');
INSERT INTO `t_zone` VALUES ('530829', '西盟佤族自治县', '530000', '530800');
INSERT INTO `t_zone` VALUES ('530902', '临翔区', '530000', '530900');
INSERT INTO `t_zone` VALUES ('530921', '凤庆县', '530000', '530900');
INSERT INTO `t_zone` VALUES ('530922', '云县', '530000', '530900');
INSERT INTO `t_zone` VALUES ('530923', '永德县', '530000', '530900');
INSERT INTO `t_zone` VALUES ('530924', '镇康县', '530000', '530900');
INSERT INTO `t_zone` VALUES ('530925', '双江拉祜族佤族布朗族傣族自治县', '530000', '530900');
INSERT INTO `t_zone` VALUES ('530926', '耿马傣族佤族自治县', '530000', '530900');
INSERT INTO `t_zone` VALUES ('530927', '沧源佤族自治县', '530000', '530900');
INSERT INTO `t_zone` VALUES ('532301', '楚雄市', '530000', '532300');
INSERT INTO `t_zone` VALUES ('532322', '双柏县', '530000', '532300');
INSERT INTO `t_zone` VALUES ('532323', '牟定县', '530000', '532300');
INSERT INTO `t_zone` VALUES ('532324', '南华县', '530000', '532300');
INSERT INTO `t_zone` VALUES ('532325', '姚安县', '530000', '532300');
INSERT INTO `t_zone` VALUES ('532326', '大姚县', '530000', '532300');
INSERT INTO `t_zone` VALUES ('532327', '永仁县', '530000', '532300');
INSERT INTO `t_zone` VALUES ('532328', '元谋县', '530000', '532300');
INSERT INTO `t_zone` VALUES ('532329', '武定县', '530000', '532300');
INSERT INTO `t_zone` VALUES ('532331', '禄丰县', '530000', '532300');
INSERT INTO `t_zone` VALUES ('532501', '个旧市', '530000', '532500');
INSERT INTO `t_zone` VALUES ('532502', '开远市', '530000', '532500');
INSERT INTO `t_zone` VALUES ('532503', '蒙自市', '530000', '532500');
INSERT INTO `t_zone` VALUES ('532504', '弥勒市', '530000', '532500');
INSERT INTO `t_zone` VALUES ('532523', '屏边苗族自治县', '530000', '532500');
INSERT INTO `t_zone` VALUES ('532524', '建水县', '530000', '532500');
INSERT INTO `t_zone` VALUES ('532525', '石屏县', '530000', '532500');
INSERT INTO `t_zone` VALUES ('532527', '泸西县', '530000', '532500');
INSERT INTO `t_zone` VALUES ('532528', '元阳县', '530000', '532500');
INSERT INTO `t_zone` VALUES ('532529', '红河县', '530000', '532500');
INSERT INTO `t_zone` VALUES ('532530', '金平苗族瑶族傣族自治县', '530000', '532500');
INSERT INTO `t_zone` VALUES ('532531', '绿春县', '530000', '532500');
INSERT INTO `t_zone` VALUES ('532532', '河口瑶族自治县', '530000', '532500');
INSERT INTO `t_zone` VALUES ('532601', '文山市', '530000', '532600');
INSERT INTO `t_zone` VALUES ('532622', '砚山县', '530000', '532600');
INSERT INTO `t_zone` VALUES ('532623', '西畴县', '530000', '532600');
INSERT INTO `t_zone` VALUES ('532624', '麻栗坡县', '530000', '532600');
INSERT INTO `t_zone` VALUES ('532625', '马关县', '530000', '532600');
INSERT INTO `t_zone` VALUES ('532626', '丘北县', '530000', '532600');
INSERT INTO `t_zone` VALUES ('532627', '广南县', '530000', '532600');
INSERT INTO `t_zone` VALUES ('532628', '富宁县', '530000', '532600');
INSERT INTO `t_zone` VALUES ('532801', '景洪市', '530000', '532800');
INSERT INTO `t_zone` VALUES ('532822', '勐海县', '530000', '532800');
INSERT INTO `t_zone` VALUES ('532823', '勐腊县', '530000', '532800');
INSERT INTO `t_zone` VALUES ('532901', '大理市', '530000', '532900');
INSERT INTO `t_zone` VALUES ('532922', '漾濞彝族自治县', '530000', '532900');
INSERT INTO `t_zone` VALUES ('532923', '祥云县', '530000', '532900');
INSERT INTO `t_zone` VALUES ('532924', '宾川县', '530000', '532900');
INSERT INTO `t_zone` VALUES ('532925', '弥渡县', '530000', '532900');
INSERT INTO `t_zone` VALUES ('532926', '南涧彝族自治县', '530000', '532900');
INSERT INTO `t_zone` VALUES ('532927', '巍山彝族回族自治县', '530000', '532900');
INSERT INTO `t_zone` VALUES ('532928', '永平县', '530000', '532900');
INSERT INTO `t_zone` VALUES ('532929', '云龙县', '530000', '532900');
INSERT INTO `t_zone` VALUES ('532930', '洱源县', '530000', '532900');
INSERT INTO `t_zone` VALUES ('532931', '剑川县', '530000', '532900');
INSERT INTO `t_zone` VALUES ('532932', '鹤庆县', '530000', '532900');
INSERT INTO `t_zone` VALUES ('533102', '瑞丽市', '530000', '533100');
INSERT INTO `t_zone` VALUES ('533103', '芒市', '530000', '533100');
INSERT INTO `t_zone` VALUES ('533122', '梁河县', '530000', '533100');
INSERT INTO `t_zone` VALUES ('533123', '盈江县', '530000', '533100');
INSERT INTO `t_zone` VALUES ('533124', '陇川县', '530000', '533100');
INSERT INTO `t_zone` VALUES ('533301', '泸水市', '530000', '533300');
INSERT INTO `t_zone` VALUES ('533323', '福贡县', '530000', '533300');
INSERT INTO `t_zone` VALUES ('533324', '贡山独龙族怒族自治县', '530000', '533300');
INSERT INTO `t_zone` VALUES ('533325', '兰坪白族普米族自治县', '530000', '533300');
INSERT INTO `t_zone` VALUES ('533401', '香格里拉市', '530000', '533400');
INSERT INTO `t_zone` VALUES ('533422', '德钦县', '530000', '533400');
INSERT INTO `t_zone` VALUES ('533423', '维西傈僳族自治县', '530000', '533400');
INSERT INTO `t_zone` VALUES ('540102', '城关区', '540000', '540100');
INSERT INTO `t_zone` VALUES ('540103', '堆龙德庆区', '540000', '540100');
INSERT INTO `t_zone` VALUES ('540104', '达孜区', '540000', '540100');
INSERT INTO `t_zone` VALUES ('540121', '林周县', '540000', '540100');
INSERT INTO `t_zone` VALUES ('540122', '当雄县', '540000', '540100');
INSERT INTO `t_zone` VALUES ('540123', '尼木县', '540000', '540100');
INSERT INTO `t_zone` VALUES ('540124', '曲水县', '540000', '540100');
INSERT INTO `t_zone` VALUES ('540127', '墨竹工卡县', '540000', '540100');
INSERT INTO `t_zone` VALUES ('540202', '桑珠孜区', '540000', '540200');
INSERT INTO `t_zone` VALUES ('540221', '南木林县', '540000', '540200');
INSERT INTO `t_zone` VALUES ('540222', '江孜县', '540000', '540200');
INSERT INTO `t_zone` VALUES ('540223', '定日县', '540000', '540200');
INSERT INTO `t_zone` VALUES ('540224', '萨迦县', '540000', '540200');
INSERT INTO `t_zone` VALUES ('540225', '拉孜县', '540000', '540200');
INSERT INTO `t_zone` VALUES ('540226', '昂仁县', '540000', '540200');
INSERT INTO `t_zone` VALUES ('540227', '谢通门县', '540000', '540200');
INSERT INTO `t_zone` VALUES ('540228', '白朗县', '540000', '540200');
INSERT INTO `t_zone` VALUES ('540229', '仁布县', '540000', '540200');
INSERT INTO `t_zone` VALUES ('540230', '康马县', '540000', '540200');
INSERT INTO `t_zone` VALUES ('540231', '定结县', '540000', '540200');
INSERT INTO `t_zone` VALUES ('540232', '仲巴县', '540000', '540200');
INSERT INTO `t_zone` VALUES ('540233', '亚东县', '540000', '540200');
INSERT INTO `t_zone` VALUES ('540234', '吉隆县', '540000', '540200');
INSERT INTO `t_zone` VALUES ('540235', '聂拉木县', '540000', '540200');
INSERT INTO `t_zone` VALUES ('540236', '萨嘎县', '540000', '540200');
INSERT INTO `t_zone` VALUES ('540237', '岗巴县', '540000', '540200');
INSERT INTO `t_zone` VALUES ('540302', '卡若区', '540000', '540300');
INSERT INTO `t_zone` VALUES ('540321', '江达县', '540000', '540300');
INSERT INTO `t_zone` VALUES ('540322', '贡觉县', '540000', '540300');
INSERT INTO `t_zone` VALUES ('540323', '类乌齐县', '540000', '540300');
INSERT INTO `t_zone` VALUES ('540324', '丁青县', '540000', '540300');
INSERT INTO `t_zone` VALUES ('540325', '察雅县', '540000', '540300');
INSERT INTO `t_zone` VALUES ('540326', '八宿县', '540000', '540300');
INSERT INTO `t_zone` VALUES ('540327', '左贡县', '540000', '540300');
INSERT INTO `t_zone` VALUES ('540328', '芒康县', '540000', '540300');
INSERT INTO `t_zone` VALUES ('540329', '洛隆县', '540000', '540300');
INSERT INTO `t_zone` VALUES ('540330', '边坝县', '540000', '540300');
INSERT INTO `t_zone` VALUES ('540402', '巴宜区', '540000', '540400');
INSERT INTO `t_zone` VALUES ('540421', '工布江达县', '540000', '540400');
INSERT INTO `t_zone` VALUES ('540422', '米林县', '540000', '540400');
INSERT INTO `t_zone` VALUES ('540423', '墨脱县', '540000', '540400');
INSERT INTO `t_zone` VALUES ('540424', '波密县', '540000', '540400');
INSERT INTO `t_zone` VALUES ('540425', '察隅县', '540000', '540400');
INSERT INTO `t_zone` VALUES ('540426', '朗县', '540000', '540400');
INSERT INTO `t_zone` VALUES ('540502', '乃东区', '540000', '540500');
INSERT INTO `t_zone` VALUES ('540521', '扎囊县', '540000', '540500');
INSERT INTO `t_zone` VALUES ('540522', '贡嘎县', '540000', '540500');
INSERT INTO `t_zone` VALUES ('540523', '桑日县', '540000', '540500');
INSERT INTO `t_zone` VALUES ('540524', '琼结县', '540000', '540500');
INSERT INTO `t_zone` VALUES ('540525', '曲松县', '540000', '540500');
INSERT INTO `t_zone` VALUES ('540526', '措美县', '540000', '540500');
INSERT INTO `t_zone` VALUES ('540527', '洛扎县', '540000', '540500');
INSERT INTO `t_zone` VALUES ('540528', '加查县', '540000', '540500');
INSERT INTO `t_zone` VALUES ('540529', '隆子县', '540000', '540500');
INSERT INTO `t_zone` VALUES ('540530', '错那县', '540000', '540500');
INSERT INTO `t_zone` VALUES ('540531', '浪卡子县', '540000', '540500');
INSERT INTO `t_zone` VALUES ('540602', '色尼区', '540000', '540600');
INSERT INTO `t_zone` VALUES ('540621', '嘉黎县 ', '540000', '540600');
INSERT INTO `t_zone` VALUES ('540622', '比如县 ', '540000', '540600');
INSERT INTO `t_zone` VALUES ('540623', '聂荣县 ', '540000', '540600');
INSERT INTO `t_zone` VALUES ('540624', '安多县 ', '540000', '540600');
INSERT INTO `t_zone` VALUES ('540625', '申扎县 ', '540000', '540600');
INSERT INTO `t_zone` VALUES ('540626', '索县   ', '540000', '540600');
INSERT INTO `t_zone` VALUES ('540627', '班戈县 ', '540000', '540600');
INSERT INTO `t_zone` VALUES ('540628', '巴青县 ', '540000', '540600');
INSERT INTO `t_zone` VALUES ('540629', '尼玛县 ', '540000', '540600');
INSERT INTO `t_zone` VALUES ('540630', '双湖县 ', '540000', '540600');
INSERT INTO `t_zone` VALUES ('542521', '普兰县', '540000', '542500');
INSERT INTO `t_zone` VALUES ('542522', '札达县', '540000', '542500');
INSERT INTO `t_zone` VALUES ('542523', '噶尔县', '540000', '542500');
INSERT INTO `t_zone` VALUES ('542524', '日土县', '540000', '542500');
INSERT INTO `t_zone` VALUES ('542525', '革吉县', '540000', '542500');
INSERT INTO `t_zone` VALUES ('542526', '改则县', '540000', '542500');
INSERT INTO `t_zone` VALUES ('542527', '措勤县', '540000', '542500');
INSERT INTO `t_zone` VALUES ('610102', '新城区', '610000', '610100');
INSERT INTO `t_zone` VALUES ('610103', '碑林区', '610000', '610100');
INSERT INTO `t_zone` VALUES ('610104', '莲湖区', '610000', '610100');
INSERT INTO `t_zone` VALUES ('610111', '灞桥区', '610000', '610100');
INSERT INTO `t_zone` VALUES ('610112', '未央区', '610000', '610100');
INSERT INTO `t_zone` VALUES ('610113', '雁塔区', '610000', '610100');
INSERT INTO `t_zone` VALUES ('610114', '阎良区', '610000', '610100');
INSERT INTO `t_zone` VALUES ('610115', '临潼区', '610000', '610100');
INSERT INTO `t_zone` VALUES ('610116', '长安区', '610000', '610100');
INSERT INTO `t_zone` VALUES ('610117', '高陵区', '610000', '610100');
INSERT INTO `t_zone` VALUES ('610118', '鄠邑区', '610000', '610100');
INSERT INTO `t_zone` VALUES ('610122', '蓝田县', '610000', '610100');
INSERT INTO `t_zone` VALUES ('610124', '周至县', '610000', '610100');
INSERT INTO `t_zone` VALUES ('610202', '王益区', '610000', '610200');
INSERT INTO `t_zone` VALUES ('610203', '印台区', '610000', '610200');
INSERT INTO `t_zone` VALUES ('610204', '耀州区', '610000', '610200');
INSERT INTO `t_zone` VALUES ('610222', '宜君县', '610000', '610200');
INSERT INTO `t_zone` VALUES ('610302', '渭滨区', '610000', '610300');
INSERT INTO `t_zone` VALUES ('610303', '金台区', '610000', '610300');
INSERT INTO `t_zone` VALUES ('610304', '陈仓区', '610000', '610300');
INSERT INTO `t_zone` VALUES ('610322', '凤翔县', '610000', '610300');
INSERT INTO `t_zone` VALUES ('610323', '岐山县', '610000', '610300');
INSERT INTO `t_zone` VALUES ('610324', '扶风县', '610000', '610300');
INSERT INTO `t_zone` VALUES ('610326', '眉县', '610000', '610300');
INSERT INTO `t_zone` VALUES ('610327', '陇县', '610000', '610300');
INSERT INTO `t_zone` VALUES ('610328', '千阳县', '610000', '610300');
INSERT INTO `t_zone` VALUES ('610329', '麟游县', '610000', '610300');
INSERT INTO `t_zone` VALUES ('610330', '凤县', '610000', '610300');
INSERT INTO `t_zone` VALUES ('610331', '太白县', '610000', '610300');
INSERT INTO `t_zone` VALUES ('610402', '秦都区', '610000', '610400');
INSERT INTO `t_zone` VALUES ('610403', '杨陵区', '610000', '610400');
INSERT INTO `t_zone` VALUES ('610404', '渭城区', '610000', '610400');
INSERT INTO `t_zone` VALUES ('610422', '三原县', '610000', '610400');
INSERT INTO `t_zone` VALUES ('610423', '泾阳县', '610000', '610400');
INSERT INTO `t_zone` VALUES ('610424', '乾县', '610000', '610400');
INSERT INTO `t_zone` VALUES ('610425', '礼泉县', '610000', '610400');
INSERT INTO `t_zone` VALUES ('610426', '永寿县', '610000', '610400');
INSERT INTO `t_zone` VALUES ('610428', '长武县', '610000', '610400');
INSERT INTO `t_zone` VALUES ('610429', '旬邑县', '610000', '610400');
INSERT INTO `t_zone` VALUES ('610430', '淳化县', '610000', '610400');
INSERT INTO `t_zone` VALUES ('610431', '武功县', '610000', '610400');
INSERT INTO `t_zone` VALUES ('610481', '兴平市', '610000', '610400');
INSERT INTO `t_zone` VALUES ('610482', '彬州市', '610000', '610400');
INSERT INTO `t_zone` VALUES ('610502', '临渭区', '610000', '610500');
INSERT INTO `t_zone` VALUES ('610503', '华州区', '610000', '610500');
INSERT INTO `t_zone` VALUES ('610522', '潼关县', '610000', '610500');
INSERT INTO `t_zone` VALUES ('610523', '大荔县', '610000', '610500');
INSERT INTO `t_zone` VALUES ('610524', '合阳县', '610000', '610500');
INSERT INTO `t_zone` VALUES ('610525', '澄城县', '610000', '610500');
INSERT INTO `t_zone` VALUES ('610526', '蒲城县', '610000', '610500');
INSERT INTO `t_zone` VALUES ('610527', '白水县', '610000', '610500');
INSERT INTO `t_zone` VALUES ('610528', '富平县', '610000', '610500');
INSERT INTO `t_zone` VALUES ('610581', '韩城市', '610000', '610500');
INSERT INTO `t_zone` VALUES ('610582', '华阴市', '610000', '610500');
INSERT INTO `t_zone` VALUES ('610602', '宝塔区', '610000', '610600');
INSERT INTO `t_zone` VALUES ('610603', '安塞区', '610000', '610600');
INSERT INTO `t_zone` VALUES ('610621', '延长县', '610000', '610600');
INSERT INTO `t_zone` VALUES ('610622', '延川县', '610000', '610600');
INSERT INTO `t_zone` VALUES ('610625', '志丹县', '610000', '610600');
INSERT INTO `t_zone` VALUES ('610626', '吴起县', '610000', '610600');
INSERT INTO `t_zone` VALUES ('610627', '甘泉县', '610000', '610600');
INSERT INTO `t_zone` VALUES ('610628', '富县', '610000', '610600');
INSERT INTO `t_zone` VALUES ('610629', '洛川县', '610000', '610600');
INSERT INTO `t_zone` VALUES ('610630', '宜川县', '610000', '610600');
INSERT INTO `t_zone` VALUES ('610631', '黄龙县', '610000', '610600');
INSERT INTO `t_zone` VALUES ('610632', '黄陵县', '610000', '610600');
INSERT INTO `t_zone` VALUES ('610681', '子长市', '610000', '610600');
INSERT INTO `t_zone` VALUES ('610702', '汉台区', '610000', '610700');
INSERT INTO `t_zone` VALUES ('610703', '南郑区', '610000', '610700');
INSERT INTO `t_zone` VALUES ('610722', '城固县', '610000', '610700');
INSERT INTO `t_zone` VALUES ('610723', '洋县', '610000', '610700');
INSERT INTO `t_zone` VALUES ('610724', '西乡县', '610000', '610700');
INSERT INTO `t_zone` VALUES ('610725', '勉县', '610000', '610700');
INSERT INTO `t_zone` VALUES ('610726', '宁强县', '610000', '610700');
INSERT INTO `t_zone` VALUES ('610727', '略阳县', '610000', '610700');
INSERT INTO `t_zone` VALUES ('610728', '镇巴县', '610000', '610700');
INSERT INTO `t_zone` VALUES ('610729', '留坝县', '610000', '610700');
INSERT INTO `t_zone` VALUES ('610730', '佛坪县', '610000', '610700');
INSERT INTO `t_zone` VALUES ('610802', '榆阳区', '610000', '610800');
INSERT INTO `t_zone` VALUES ('610803', '横山区', '610000', '610800');
INSERT INTO `t_zone` VALUES ('610822', '府谷县', '610000', '610800');
INSERT INTO `t_zone` VALUES ('610824', '靖边县', '610000', '610800');
INSERT INTO `t_zone` VALUES ('610825', '定边县', '610000', '610800');
INSERT INTO `t_zone` VALUES ('610826', '绥德县', '610000', '610800');
INSERT INTO `t_zone` VALUES ('610827', '米脂县', '610000', '610800');
INSERT INTO `t_zone` VALUES ('610828', '佳县', '610000', '610800');
INSERT INTO `t_zone` VALUES ('610829', '吴堡县', '610000', '610800');
INSERT INTO `t_zone` VALUES ('610830', '清涧县', '610000', '610800');
INSERT INTO `t_zone` VALUES ('610831', '子洲县', '610000', '610800');
INSERT INTO `t_zone` VALUES ('610881', '神木市', '610000', '610800');
INSERT INTO `t_zone` VALUES ('610902', '汉滨区', '610000', '610900');
INSERT INTO `t_zone` VALUES ('610921', '汉阴县', '610000', '610900');
INSERT INTO `t_zone` VALUES ('610922', '石泉县', '610000', '610900');
INSERT INTO `t_zone` VALUES ('610923', '宁陕县', '610000', '610900');
INSERT INTO `t_zone` VALUES ('610924', '紫阳县', '610000', '610900');
INSERT INTO `t_zone` VALUES ('610925', '岚皋县', '610000', '610900');
INSERT INTO `t_zone` VALUES ('610926', '平利县', '610000', '610900');
INSERT INTO `t_zone` VALUES ('610927', '镇坪县', '610000', '610900');
INSERT INTO `t_zone` VALUES ('610928', '旬阳县', '610000', '610900');
INSERT INTO `t_zone` VALUES ('610929', '白河县', '610000', '610900');
INSERT INTO `t_zone` VALUES ('611002', '商州区', '610000', '611000');
INSERT INTO `t_zone` VALUES ('611021', '洛南县', '610000', '611000');
INSERT INTO `t_zone` VALUES ('611022', '丹凤县', '610000', '611000');
INSERT INTO `t_zone` VALUES ('611023', '商南县', '610000', '611000');
INSERT INTO `t_zone` VALUES ('611024', '山阳县', '610000', '611000');
INSERT INTO `t_zone` VALUES ('611025', '镇安县', '610000', '611000');
INSERT INTO `t_zone` VALUES ('611026', '柞水县', '610000', '611000');
INSERT INTO `t_zone` VALUES ('620102', '城关区', '620000', '620100');
INSERT INTO `t_zone` VALUES ('620103', '七里河区', '620000', '620100');
INSERT INTO `t_zone` VALUES ('620104', '西固区', '620000', '620100');
INSERT INTO `t_zone` VALUES ('620105', '安宁区', '620000', '620100');
INSERT INTO `t_zone` VALUES ('620111', '红古区', '620000', '620100');
INSERT INTO `t_zone` VALUES ('620121', '永登县', '620000', '620100');
INSERT INTO `t_zone` VALUES ('620122', '皋兰县', '620000', '620100');
INSERT INTO `t_zone` VALUES ('620123', '榆中县', '620000', '620100');
INSERT INTO `t_zone` VALUES ('620302', '金川区', '620000', '620300');
INSERT INTO `t_zone` VALUES ('620321', '永昌县', '620000', '620300');
INSERT INTO `t_zone` VALUES ('620402', '白银区', '620000', '620400');
INSERT INTO `t_zone` VALUES ('620403', '平川区', '620000', '620400');
INSERT INTO `t_zone` VALUES ('620421', '靖远县', '620000', '620400');
INSERT INTO `t_zone` VALUES ('620422', '会宁县', '620000', '620400');
INSERT INTO `t_zone` VALUES ('620423', '景泰县', '620000', '620400');
INSERT INTO `t_zone` VALUES ('620502', '秦州区', '620000', '620500');
INSERT INTO `t_zone` VALUES ('620503', '麦积区', '620000', '620500');
INSERT INTO `t_zone` VALUES ('620521', '清水县', '620000', '620500');
INSERT INTO `t_zone` VALUES ('620522', '秦安县', '620000', '620500');
INSERT INTO `t_zone` VALUES ('620523', '甘谷县', '620000', '620500');
INSERT INTO `t_zone` VALUES ('620524', '武山县', '620000', '620500');
INSERT INTO `t_zone` VALUES ('620525', '张家川回族自治县', '620000', '620500');
INSERT INTO `t_zone` VALUES ('620602', '凉州区', '620000', '620600');
INSERT INTO `t_zone` VALUES ('620621', '民勤县', '620000', '620600');
INSERT INTO `t_zone` VALUES ('620622', '古浪县', '620000', '620600');
INSERT INTO `t_zone` VALUES ('620623', '天祝藏族自治县', '620000', '620600');
INSERT INTO `t_zone` VALUES ('620702', '甘州区', '620000', '620700');
INSERT INTO `t_zone` VALUES ('620721', '肃南裕固族自治县', '620000', '620700');
INSERT INTO `t_zone` VALUES ('620722', '民乐县', '620000', '620700');
INSERT INTO `t_zone` VALUES ('620723', '临泽县', '620000', '620700');
INSERT INTO `t_zone` VALUES ('620724', '高台县', '620000', '620700');
INSERT INTO `t_zone` VALUES ('620725', '山丹县', '620000', '620700');
INSERT INTO `t_zone` VALUES ('620802', '崆峒区', '620000', '620800');
INSERT INTO `t_zone` VALUES ('620821', '泾川县', '620000', '620800');
INSERT INTO `t_zone` VALUES ('620822', '灵台县', '620000', '620800');
INSERT INTO `t_zone` VALUES ('620823', '崇信县', '620000', '620800');
INSERT INTO `t_zone` VALUES ('620825', '庄浪县', '620000', '620800');
INSERT INTO `t_zone` VALUES ('620826', '静宁县', '620000', '620800');
INSERT INTO `t_zone` VALUES ('620881', '华亭市', '620000', '620800');
INSERT INTO `t_zone` VALUES ('620902', '肃州区', '620000', '620900');
INSERT INTO `t_zone` VALUES ('620921', '金塔县', '620000', '620900');
INSERT INTO `t_zone` VALUES ('620922', '瓜州县', '620000', '620900');
INSERT INTO `t_zone` VALUES ('620923', '肃北蒙古族自治县', '620000', '620900');
INSERT INTO `t_zone` VALUES ('620924', '阿克塞哈萨克族自治县', '620000', '620900');
INSERT INTO `t_zone` VALUES ('620981', '玉门市', '620000', '620900');
INSERT INTO `t_zone` VALUES ('620982', '敦煌市', '620000', '620900');
INSERT INTO `t_zone` VALUES ('621002', '西峰区', '620000', '621000');
INSERT INTO `t_zone` VALUES ('621021', '庆城县', '620000', '621000');
INSERT INTO `t_zone` VALUES ('621022', '环县', '620000', '621000');
INSERT INTO `t_zone` VALUES ('621023', '华池县', '620000', '621000');
INSERT INTO `t_zone` VALUES ('621024', '合水县', '620000', '621000');
INSERT INTO `t_zone` VALUES ('621025', '正宁县', '620000', '621000');
INSERT INTO `t_zone` VALUES ('621026', '宁县', '620000', '621000');
INSERT INTO `t_zone` VALUES ('621027', '镇原县', '620000', '621000');
INSERT INTO `t_zone` VALUES ('621102', '安定区', '620000', '621100');
INSERT INTO `t_zone` VALUES ('621121', '通渭县', '620000', '621100');
INSERT INTO `t_zone` VALUES ('621122', '陇西县', '620000', '621100');
INSERT INTO `t_zone` VALUES ('621123', '渭源县', '620000', '621100');
INSERT INTO `t_zone` VALUES ('621124', '临洮县', '620000', '621100');
INSERT INTO `t_zone` VALUES ('621125', '漳县', '620000', '621100');
INSERT INTO `t_zone` VALUES ('621126', '岷县', '620000', '621100');
INSERT INTO `t_zone` VALUES ('621202', '武都区', '620000', '621200');
INSERT INTO `t_zone` VALUES ('621221', '成县', '620000', '621200');
INSERT INTO `t_zone` VALUES ('621222', '文县', '620000', '621200');
INSERT INTO `t_zone` VALUES ('621223', '宕昌县', '620000', '621200');
INSERT INTO `t_zone` VALUES ('621224', '康县', '620000', '621200');
INSERT INTO `t_zone` VALUES ('621225', '西和县', '620000', '621200');
INSERT INTO `t_zone` VALUES ('621226', '礼县', '620000', '621200');
INSERT INTO `t_zone` VALUES ('621227', '徽县', '620000', '621200');
INSERT INTO `t_zone` VALUES ('621228', '两当县', '620000', '621200');
INSERT INTO `t_zone` VALUES ('622901', '临夏市', '620000', '622900');
INSERT INTO `t_zone` VALUES ('622921', '临夏县', '620000', '622900');
INSERT INTO `t_zone` VALUES ('622922', '康乐县', '620000', '622900');
INSERT INTO `t_zone` VALUES ('622923', '永靖县', '620000', '622900');
INSERT INTO `t_zone` VALUES ('622924', '广河县', '620000', '622900');
INSERT INTO `t_zone` VALUES ('622925', '和政县', '620000', '622900');
INSERT INTO `t_zone` VALUES ('622926', '东乡族自治县', '620000', '622900');
INSERT INTO `t_zone` VALUES ('622927', '积石山保安族东乡族撒拉族自治县', '620000', '622900');
INSERT INTO `t_zone` VALUES ('623001', '合作市', '620000', '623000');
INSERT INTO `t_zone` VALUES ('623021', '临潭县', '620000', '623000');
INSERT INTO `t_zone` VALUES ('623022', '卓尼县', '620000', '623000');
INSERT INTO `t_zone` VALUES ('623023', '舟曲县', '620000', '623000');
INSERT INTO `t_zone` VALUES ('623024', '迭部县', '620000', '623000');
INSERT INTO `t_zone` VALUES ('623025', '玛曲县', '620000', '623000');
INSERT INTO `t_zone` VALUES ('623026', '碌曲县', '620000', '623000');
INSERT INTO `t_zone` VALUES ('623027', '夏河县', '620000', '623000');
INSERT INTO `t_zone` VALUES ('630102', '城东区', '630000', '630100');
INSERT INTO `t_zone` VALUES ('630103', '城中区', '630000', '630100');
INSERT INTO `t_zone` VALUES ('630104', '城西区', '630000', '630100');
INSERT INTO `t_zone` VALUES ('630105', '城北区', '630000', '630100');
INSERT INTO `t_zone` VALUES ('630106', '湟中区', '630000', '630100');
INSERT INTO `t_zone` VALUES ('630121', '大通回族土族自治县', '630000', '630100');
INSERT INTO `t_zone` VALUES ('630123', '湟源县', '630000', '630100');
INSERT INTO `t_zone` VALUES ('630202', '乐都区', '630000', '630200');
INSERT INTO `t_zone` VALUES ('630203', '平安区', '630000', '630200');
INSERT INTO `t_zone` VALUES ('630222', '民和回族土族自治县', '630000', '630200');
INSERT INTO `t_zone` VALUES ('630223', '互助土族自治县', '630000', '630200');
INSERT INTO `t_zone` VALUES ('630224', '化隆回族自治县', '630000', '630200');
INSERT INTO `t_zone` VALUES ('630225', '循化撒拉族自治县', '630000', '630200');
INSERT INTO `t_zone` VALUES ('632221', '门源回族自治县', '630000', '632200');
INSERT INTO `t_zone` VALUES ('632222', '祁连县', '630000', '632200');
INSERT INTO `t_zone` VALUES ('632223', '海晏县', '630000', '632200');
INSERT INTO `t_zone` VALUES ('632224', '刚察县', '630000', '632200');
INSERT INTO `t_zone` VALUES ('632321', '同仁县', '630000', '632300');
INSERT INTO `t_zone` VALUES ('632322', '尖扎县', '630000', '632300');
INSERT INTO `t_zone` VALUES ('632323', '泽库县', '630000', '632300');
INSERT INTO `t_zone` VALUES ('632324', '河南蒙古族自治县', '630000', '632300');
INSERT INTO `t_zone` VALUES ('632521', '共和县', '630000', '632500');
INSERT INTO `t_zone` VALUES ('632522', '同德县', '630000', '632500');
INSERT INTO `t_zone` VALUES ('632523', '贵德县', '630000', '632500');
INSERT INTO `t_zone` VALUES ('632524', '兴海县', '630000', '632500');
INSERT INTO `t_zone` VALUES ('632525', '贵南县', '630000', '632500');
INSERT INTO `t_zone` VALUES ('632621', '玛沁县', '630000', '632600');
INSERT INTO `t_zone` VALUES ('632622', '班玛县', '630000', '632600');
INSERT INTO `t_zone` VALUES ('632623', '甘德县', '630000', '632600');
INSERT INTO `t_zone` VALUES ('632624', '达日县', '630000', '632600');
INSERT INTO `t_zone` VALUES ('632625', '久治县', '630000', '632600');
INSERT INTO `t_zone` VALUES ('632626', '玛多县', '630000', '632600');
INSERT INTO `t_zone` VALUES ('632701', '玉树市', '630000', '632700');
INSERT INTO `t_zone` VALUES ('632722', '杂多县', '630000', '632700');
INSERT INTO `t_zone` VALUES ('632723', '称多县', '630000', '632700');
INSERT INTO `t_zone` VALUES ('632724', '治多县', '630000', '632700');
INSERT INTO `t_zone` VALUES ('632725', '囊谦县', '630000', '632700');
INSERT INTO `t_zone` VALUES ('632726', '曲麻莱县', '630000', '632700');
INSERT INTO `t_zone` VALUES ('632801', '格尔木市', '630000', '632800');
INSERT INTO `t_zone` VALUES ('632802', '德令哈市', '630000', '632800');
INSERT INTO `t_zone` VALUES ('632803', '茫崖市', '630000', '632800');
INSERT INTO `t_zone` VALUES ('632821', '乌兰县', '630000', '632800');
INSERT INTO `t_zone` VALUES ('632822', '都兰县', '630000', '632800');
INSERT INTO `t_zone` VALUES ('632823', '天峻县', '630000', '632800');
INSERT INTO `t_zone` VALUES ('640104', '兴庆区', '640000', '640100');
INSERT INTO `t_zone` VALUES ('640105', '西夏区', '640000', '640100');
INSERT INTO `t_zone` VALUES ('640106', '金凤区', '640000', '640100');
INSERT INTO `t_zone` VALUES ('640121', '永宁县', '640000', '640100');
INSERT INTO `t_zone` VALUES ('640122', '贺兰县', '640000', '640100');
INSERT INTO `t_zone` VALUES ('640181', '灵武市', '640000', '640100');
INSERT INTO `t_zone` VALUES ('640202', '大武口区', '640000', '640200');
INSERT INTO `t_zone` VALUES ('640205', '惠农区', '640000', '640200');
INSERT INTO `t_zone` VALUES ('640221', '平罗县', '640000', '640200');
INSERT INTO `t_zone` VALUES ('640302', '利通区', '640000', '640300');
INSERT INTO `t_zone` VALUES ('640303', '红寺堡区', '640000', '640300');
INSERT INTO `t_zone` VALUES ('640323', '盐池县', '640000', '640300');
INSERT INTO `t_zone` VALUES ('640324', '同心县', '640000', '640300');
INSERT INTO `t_zone` VALUES ('640381', '青铜峡市', '640000', '640300');
INSERT INTO `t_zone` VALUES ('640402', '原州区', '640000', '640400');
INSERT INTO `t_zone` VALUES ('640422', '西吉县', '640000', '640400');
INSERT INTO `t_zone` VALUES ('640423', '隆德县', '640000', '640400');
INSERT INTO `t_zone` VALUES ('640424', '泾源县', '640000', '640400');
INSERT INTO `t_zone` VALUES ('640425', '彭阳县', '640000', '640400');
INSERT INTO `t_zone` VALUES ('640502', '沙坡头区', '640000', '640500');
INSERT INTO `t_zone` VALUES ('640521', '中宁县', '640000', '640500');
INSERT INTO `t_zone` VALUES ('640522', '海原县', '640000', '640500');
INSERT INTO `t_zone` VALUES ('650102', '天山区', '650000', '650100');
INSERT INTO `t_zone` VALUES ('650103', '沙依巴克区', '650000', '650100');
INSERT INTO `t_zone` VALUES ('650104', '新市区', '650000', '650100');
INSERT INTO `t_zone` VALUES ('650105', '水磨沟区', '650000', '650100');
INSERT INTO `t_zone` VALUES ('650106', '头屯河区', '650000', '650100');
INSERT INTO `t_zone` VALUES ('650107', '达坂城区', '650000', '650100');
INSERT INTO `t_zone` VALUES ('650109', '米东区', '650000', '650100');
INSERT INTO `t_zone` VALUES ('650121', '乌鲁木齐县', '650000', '650100');
INSERT INTO `t_zone` VALUES ('650202', '独山子区', '650000', '650200');
INSERT INTO `t_zone` VALUES ('650203', '克拉玛依区', '650000', '650200');
INSERT INTO `t_zone` VALUES ('650204', '白碱滩区', '650000', '650200');
INSERT INTO `t_zone` VALUES ('650205', '乌尔禾区', '650000', '650200');
INSERT INTO `t_zone` VALUES ('650402', '高昌区', '650000', '650400');
INSERT INTO `t_zone` VALUES ('650421', '鄯善县', '650000', '650400');
INSERT INTO `t_zone` VALUES ('650422', '托克逊县', '650000', '650400');
INSERT INTO `t_zone` VALUES ('650502', '伊州区', '650000', '650500');
INSERT INTO `t_zone` VALUES ('650521', '巴里坤哈萨克自治县', '650000', '650500');
INSERT INTO `t_zone` VALUES ('650522', '伊吾县', '650000', '650500');
INSERT INTO `t_zone` VALUES ('652301', '昌吉市', '650000', '652300');
INSERT INTO `t_zone` VALUES ('652302', '阜康市', '650000', '652300');
INSERT INTO `t_zone` VALUES ('652323', '呼图壁县', '650000', '652300');
INSERT INTO `t_zone` VALUES ('652324', '玛纳斯县', '650000', '652300');
INSERT INTO `t_zone` VALUES ('652325', '奇台县', '650000', '652300');
INSERT INTO `t_zone` VALUES ('652327', '吉木萨尔县', '650000', '652300');
INSERT INTO `t_zone` VALUES ('652328', '木垒哈萨克自治县', '650000', '652300');
INSERT INTO `t_zone` VALUES ('652701', '博乐市', '650000', '652700');
INSERT INTO `t_zone` VALUES ('652702', '阿拉山口市', '650000', '652700');
INSERT INTO `t_zone` VALUES ('652722', '精河县', '650000', '652700');
INSERT INTO `t_zone` VALUES ('652723', '温泉县', '650000', '652700');
INSERT INTO `t_zone` VALUES ('652801', '库尔勒市', '650000', '652800');
INSERT INTO `t_zone` VALUES ('652822', '轮台县', '650000', '652800');
INSERT INTO `t_zone` VALUES ('652823', '尉犁县', '650000', '652800');
INSERT INTO `t_zone` VALUES ('652824', '若羌县', '650000', '652800');
INSERT INTO `t_zone` VALUES ('652825', '且末县', '650000', '652800');
INSERT INTO `t_zone` VALUES ('652826', '焉耆回族自治县', '650000', '652800');
INSERT INTO `t_zone` VALUES ('652827', '和静县', '650000', '652800');
INSERT INTO `t_zone` VALUES ('652828', '和硕县', '650000', '652800');
INSERT INTO `t_zone` VALUES ('652829', '博湖县', '650000', '652800');
INSERT INTO `t_zone` VALUES ('652901', '阿克苏市', '650000', '652900');
INSERT INTO `t_zone` VALUES ('652902', '库车市', '650000', '652900');
INSERT INTO `t_zone` VALUES ('652922', '温宿县', '650000', '652900');
INSERT INTO `t_zone` VALUES ('652924', '沙雅县', '650000', '652900');
INSERT INTO `t_zone` VALUES ('652925', '新和县', '650000', '652900');
INSERT INTO `t_zone` VALUES ('652926', '拜城县', '650000', '652900');
INSERT INTO `t_zone` VALUES ('652927', '乌什县', '650000', '652900');
INSERT INTO `t_zone` VALUES ('652928', '阿瓦提县', '650000', '652900');
INSERT INTO `t_zone` VALUES ('652929', '柯坪县', '650000', '652900');
INSERT INTO `t_zone` VALUES ('653001', '阿图什市', '650000', '653000');
INSERT INTO `t_zone` VALUES ('653022', '阿克陶县', '650000', '653000');
INSERT INTO `t_zone` VALUES ('653023', '阿合奇县', '650000', '653000');
INSERT INTO `t_zone` VALUES ('653024', '乌恰县', '650000', '653000');
INSERT INTO `t_zone` VALUES ('653101', '喀什市', '650000', '653100');
INSERT INTO `t_zone` VALUES ('653121', '疏附县', '650000', '653100');
INSERT INTO `t_zone` VALUES ('653122', '疏勒县', '650000', '653100');
INSERT INTO `t_zone` VALUES ('653123', '英吉沙县', '650000', '653100');
INSERT INTO `t_zone` VALUES ('653124', '泽普县', '650000', '653100');
INSERT INTO `t_zone` VALUES ('653125', '莎车县', '650000', '653100');
INSERT INTO `t_zone` VALUES ('653126', '叶城县', '650000', '653100');
INSERT INTO `t_zone` VALUES ('653127', '麦盖提县', '650000', '653100');
INSERT INTO `t_zone` VALUES ('653128', '岳普湖县', '650000', '653100');
INSERT INTO `t_zone` VALUES ('653129', '伽师县', '650000', '653100');
INSERT INTO `t_zone` VALUES ('653130', '巴楚县', '650000', '653100');
INSERT INTO `t_zone` VALUES ('653131', '塔什库尔干塔吉克自治县', '650000', '653100');
INSERT INTO `t_zone` VALUES ('653201', '和田市', '650000', '653200');
INSERT INTO `t_zone` VALUES ('653221', '和田县', '650000', '653200');
INSERT INTO `t_zone` VALUES ('653222', '墨玉县', '650000', '653200');
INSERT INTO `t_zone` VALUES ('653223', '皮山县', '650000', '653200');
INSERT INTO `t_zone` VALUES ('653224', '洛浦县', '650000', '653200');
INSERT INTO `t_zone` VALUES ('653225', '策勒县', '650000', '653200');
INSERT INTO `t_zone` VALUES ('653226', '于田县', '650000', '653200');
INSERT INTO `t_zone` VALUES ('653227', '民丰县', '650000', '653200');
INSERT INTO `t_zone` VALUES ('654002', '伊宁市', '650000', '654000');
INSERT INTO `t_zone` VALUES ('654003', '奎屯市', '650000', '654000');
INSERT INTO `t_zone` VALUES ('654004', '霍尔果斯市', '650000', '654000');
INSERT INTO `t_zone` VALUES ('654021', '伊宁县', '650000', '654000');
INSERT INTO `t_zone` VALUES ('654022', '察布查尔锡伯自治县', '650000', '654000');
INSERT INTO `t_zone` VALUES ('654023', '霍城县', '650000', '654000');
INSERT INTO `t_zone` VALUES ('654024', '巩留县', '650000', '654000');
INSERT INTO `t_zone` VALUES ('654025', '新源县', '650000', '654000');
INSERT INTO `t_zone` VALUES ('654026', '昭苏县', '650000', '654000');
INSERT INTO `t_zone` VALUES ('654027', '特克斯县', '650000', '654000');
INSERT INTO `t_zone` VALUES ('654028', '尼勒克县', '650000', '654000');
INSERT INTO `t_zone` VALUES ('654201', '塔城市', '650000', '654200');
INSERT INTO `t_zone` VALUES ('654202', '乌苏市', '650000', '654200');
INSERT INTO `t_zone` VALUES ('654221', '额敏县', '650000', '654200');
INSERT INTO `t_zone` VALUES ('654223', '沙湾县', '650000', '654200');
INSERT INTO `t_zone` VALUES ('654224', '托里县', '650000', '654200');
INSERT INTO `t_zone` VALUES ('654225', '裕民县', '650000', '654200');
INSERT INTO `t_zone` VALUES ('654226', '和布克赛尔蒙古自治县', '650000', '654200');
INSERT INTO `t_zone` VALUES ('654301', '阿勒泰市', '650000', '654300');
INSERT INTO `t_zone` VALUES ('654321', '布尔津县', '650000', '654300');
INSERT INTO `t_zone` VALUES ('654322', '富蕴县', '650000', '654300');
INSERT INTO `t_zone` VALUES ('654323', '福海县', '650000', '654300');
INSERT INTO `t_zone` VALUES ('654324', '哈巴河县', '650000', '654300');
INSERT INTO `t_zone` VALUES ('654325', '青河县', '650000', '654300');
INSERT INTO `t_zone` VALUES ('654326', '吉木乃县', '650000', '654300');
INSERT INTO `t_zone` VALUES ('659001', '石河子市', '650000', '659000');
INSERT INTO `t_zone` VALUES ('659002', '阿拉尔市', '650000', '659000');
INSERT INTO `t_zone` VALUES ('659003', '图木舒克市', '650000', '659000');
INSERT INTO `t_zone` VALUES ('659004', '五家渠市', '650000', '659000');
INSERT INTO `t_zone` VALUES ('659005', '北屯市', '650000', '659000');
INSERT INTO `t_zone` VALUES ('659006', '铁门关市', '650000', '659000');
INSERT INTO `t_zone` VALUES ('659007', '双河市', '650000', '659000');
INSERT INTO `t_zone` VALUES ('659008', '可克达拉市', '650000', '659000');
INSERT INTO `t_zone` VALUES ('659009', '昆玉市', '650000', '659000');
INSERT INTO `t_zone` VALUES ('659010', '胡杨河市', '650000', '659000');

-- ----------------------------
-- Table structure for undo_log
-- ----------------------------
DROP TABLE IF EXISTS `undo_log`;
CREATE TABLE `undo_log` (
  `id` bigint(20) NOT NULL AUTO_INCREMENT,
  `branch_id` bigint(20) NOT NULL,
  `xid` varchar(100) NOT NULL,
  `context` varchar(128) NOT NULL,
  `rollback_info` longblob NOT NULL,
  `log_status` int(11) NOT NULL,
  `log_created` datetime NOT NULL,
  `log_modified` datetime NOT NULL,
  `ext` varchar(100) DEFAULT NULL,
  PRIMARY KEY (`id`),
  UNIQUE KEY `ux_undo_log` (`xid`,`branch_id`)
) ENGINE=InnoDB DEFAULT CHARSET=utf8;

-- ----------------------------
-- Records of undo_log
-- ----------------------------
